RowNumber,CustomerId,Surname,CreditScore,Geography,Gender,Age,Tenure,Balance,NumOfProducts,HasCrCard,IsActiveMember,EstimatedSalary,Exited
1,15634602,Customer_0,452,France,Female,60,9,25331.144183416684,2,0,0,121148.61938510614,1
2,15634603,Customer_1,785,Germany,Male,84,6,86173.32400669245,1,1,1,140959.71073853143,0
3,15634604,Customer_2,698,France,Female,71,4,0.0,2,0,0,188430.7519392109,0
4,15634605,Customer_3,620,Spain,Male,27,3,133673.24511865043,2,1,1,57499.75969252804,0
5,15634606,Customer_4,456,Spain,Male,59,6,0.0,1,1,1,111672.89645794693,0
6,15634607,Customer_5,421,Spain,Male,81,6,190424.98904391474,2,1,1,141025.5236100775,0
7,15634608,Customer_6,538,France,Male,38,5,227496.04466443328,1,1,0,139056.93025161218,0
8,15634609,Customer_7,370,France,Male,83,7,0.0,1,1,1,57933.00231959892,0
9,15634610,Customer_8,452,France,Male,58,3,137878.48897633463,2,0,0,121478.99020405285,0
10,15634611,Customer_9,471,France,Female,41,9,0.0,2,1,0,161223.4970598297,0
11,15634612,Customer_10,816,Spain,Male,52,4,176780.4111475618,2,0,1,100265.00620954634,1
12,15634613,Customer_11,564,Spain,Male,73,3,12532.269388045564,1,1,1,160726.63457275965,0
13,15634614,Customer_12,680,Spain,Female,47,0,104581.63666588074,2,1,0,78377.69357336541,0
14,15634615,Customer_13,808,Spain,Female,74,7,0.0,2,1,1,188364.42416111418,0
15,15634616,Customer_14,437,Germany,Male,64,0,0.0,1,1,0,111446.4036948292,0
16,15634617,Customer_15,722,Spain,Male,52,4,18451.64164612564,3,1,0,123230.11065059672,1
17,15634618,Customer_16,449,Spain,Male,36,5,189083.11325254536,2,1,0,15958.698072871797,1
18,15634619,Customer_17,709,Spain,Male,25,5,202489.18486788846,1,0,1,42351.13605443291,0
19,15634620,Customer_18,501,France,Female,43,4,48542.48681039405,2,1,1,130257.4372894985,0
20,15634621,Customer_19,480,France,Male,88,2,138961.71924236347,1,1,0,89775.37063863155,1
21,15634622,Customer_20,499,France,Male,47,4,56069.30535897418,1,1,0,106551.1201870532,1
22,15634623,Customer_21,658,Spain,Female,24,7,182616.26057059522,1,1,1,21964.56765940308,1
23,15634624,Customer_22,607,Germany,Male,84,1,0.0,4,0,0,168485.69529797303,1
24,15634625,Customer_23,693,France,Female,82,5,0.0,1,1,0,159056.06443628127,0
25,15634626,Customer_24,841,Germany,Male,53,8,212793.00487362433,2,1,1,45217.25538715141,0
26,15634627,Customer_25,763,Germany,Female,42,7,0.0,1,0,0,130522.57787890208,0
27,15634628,Customer_26,643,France,Male,54,10,170741.06829237947,2,0,1,165479.89021431163,0
28,15634629,Customer_27,735,France,Female,18,7,106569.53217339223,2,1,0,131762.285918964,0
29,15634630,Customer_28,541,Germany,Female,32,7,0.0,2,1,1,68975.63810621052,0
30,15634631,Customer_29,793,Germany,Male,54,6,0.0,1,1,0,134661.11859085178,0
31,15634632,Customer_30,626,Spain,Female,30,7,47165.81777891711,2,1,1,49987.732059810325,0
32,15634633,Customer_31,510,Germany,Female,25,5,99519.96053604712,4,1,0,70468.44948308996,0
33,15634634,Customer_32,809,Spain,Female,22,1,60168.888972621346,2,0,1,55613.23409036394,0
34,15634635,Customer_33,663,Germany,Female,77,1,176990.79206577892,1,1,1,115815.76945413924,0
35,15634636,Customer_34,371,Germany,Female,90,7,236610.12120306582,2,0,0,30563.062885454234,1
36,15634637,Customer_35,602,Spain,Male,18,10,248922.63232380792,1,1,0,187328.97226618434,1
37,15634638,Customer_36,585,France,Male,53,0,118066.43450598177,2,1,1,73367.34719594469,0
38,15634639,Customer_37,694,France,Female,52,5,70607.29351274668,2,1,1,51604.32415010225,0
39,15634640,Customer_38,398,France,Male,83,5,116279.04889223778,1,1,0,104344.46458434794,0
40,15634641,Customer_39,824,Spain,Female,80,10,0.0,1,1,0,62629.58550639605,0
41,15634642,Customer_40,408,Germany,Female,40,3,59441.36285248957,1,0,1,111631.77641270241,0
42,15634643,Customer_41,519,Germany,Male,26,10,238502.9563967017,2,1,0,76216.73845859624,0
43,15634644,Customer_42,825,France,Male,51,10,0.0,2,0,1,35092.69404611776,1
44,15634645,Customer_43,537,France,Female,63,9,0.0,1,1,1,60520.09598517978,0
45,15634646,Customer_44,813,France,Male,21,2,211266.13300815094,1,1,1,93303.57054268979,0
46,15634647,Customer_45,620,France,Female,47,10,204056.92819537368,1,1,0,15755.713031128867,0
47,15634648,Customer_46,539,Germany,Male,89,2,86297.12170558806,1,1,0,156422.08013280478,0
48,15634649,Customer_47,795,France,Female,20,0,0.0,1,1,1,128146.667272179,0
49,15634650,Customer_48,524,France,Male,31,2,0.0,2,0,1,124258.32538288731,1
50,15634651,Customer_49,795,Spain,Female,77,3,82434.24871904647,1,1,1,113749.48705772554,0
51,15634652,Customer_50,400,France,Male,62,10,18975.27769811135,2,1,0,122159.50274176302,0
52,15634653,Customer_51,713,Germany,Female,51,10,131287.66156142313,2,1,0,187583.87101437192,0
53,15634654,Customer_52,404,Spain,Male,62,4,106727.51470785678,1,1,0,11628.15005404073,0
54,15634655,Customer_53,593,France,Female,78,2,162293.55225796593,2,1,1,19081.94483497236,0
55,15634656,Customer_54,669,Germany,Female,33,5,159084.71732657996,2,1,0,46383.74788685244,0
56,15634657,Customer_55,480,Spain,Male,83,10,38979.192615203225,1,0,0,41787.26219869852,0
57,15634658,Customer_56,834,Spain,Male,57,4,244471.73107038942,1,1,0,44426.947299144704,0
58,15634659,Customer_57,656,France,Male,34,2,54863.54306594726,1,1,0,137669.3383112435,1
59,15634660,Customer_58,484,Spain,Female,51,5,116865.7659435291,1,1,1,97301.82719953141,0
60,15634661,Customer_59,370,France,Female,33,5,127148.21042409638,1,1,1,198437.9868835917,0
61,15634662,Customer_60,678,France,Male,77,7,205135.07133138884,1,0,0,53108.32381255952,0
62,15634663,Customer_61,516,France,Male,83,1,0.0,1,0,0,69057.71919522398,0
63,15634664,Customer_62,623,Spain,Male,83,0,112874.62701004762,1,0,0,197005.7361923133,0
64,15634665,Customer_63,737,France,Female,30,3,0.0,1,1,0,168034.04675242692,0
65,15634666,Customer_64,438,France,Male,73,6,61637.34918977333,1,0,0,99261.85192892123,0
66,15634667,Customer_65,665,Germany,Female,48,10,160592.29570385747,1,1,1,115373.40825373805,0
67,15634668,Customer_66,363,France,Male,51,9,231679.56101191664,4,1,0,170203.8049240397,0
68,15634669,Customer_67,591,France,Female,56,2,0.0,1,1,0,101386.24674880232,0
69,15634670,Customer_68,614,France,Male,84,2,17788.258429762172,2,1,0,49144.50748059602,0
70,15634671,Customer_69,695,France,Male,25,4,66541.1747787226,1,0,1,167404.46232533324,0
71,15634672,Customer_70,402,France,Female,72,4,84473.7077900074,2,0,1,112176.77334237225,1
72,15634673,Customer_71,735,France,Female,44,9,105790.26410679186,1,1,1,39078.093461126045,0
73,15634674,Customer_72,689,Germany,Female,70,2,68141.71782034417,3,0,1,106061.30792503554,0
74,15634675,Customer_73,441,France,Male,56,8,58837.118693275006,2,1,1,88508.64231340316,0
75,15634676,Customer_74,716,France,Male,82,3,0.0,1,1,0,176600.08105753403,0
76,15634677,Customer_75,793,Spain,Female,34,2,0.0,2,1,1,33950.53195853365,0
77,15634678,Customer_76,804,France,Female,47,10,21278.200240748192,2,0,0,176289.86284512485,1
78,15634679,Customer_77,777,Germany,Male,70,1,91315.12518516356,1,1,0,107320.09319395409,0
79,15634680,Customer_78,613,France,Male,30,9,0.0,2,0,1,86829.24169641804,1
80,15634681,Customer_79,780,France,Male,38,10,0.0,2,1,0,40773.76503655866,0
81,15634682,Customer_80,384,France,Female,36,8,0.0,1,1,1,143155.41290134907,0
82,15634683,Customer_81,555,France,Male,70,3,163691.37919461785,1,1,0,186093.2747309077,0
83,15634684,Customer_82,430,France,Male,36,2,214121.0147988633,2,1,1,81321.69724087077,0
84,15634685,Customer_83,769,France,Male,74,6,187808.62441245228,2,1,1,55901.15012745835,0
85,15634686,Customer_84,399,France,Male,42,7,140217.59847182935,2,1,1,115424.71422983984,1
86,15634687,Customer_85,709,France,Male,48,10,166860.82481066076,2,1,1,161275.33020243535,0
87,15634688,Customer_86,737,France,Male,72,1,0.0,1,0,1,10715.86196460128,1
88,15634689,Customer_87,351,France,Male,40,6,0.0,2,1,1,129961.71291513155,1
89,15634690,Customer_88,739,France,Female,49,4,0.0,1,1,0,123338.04013273986,1
90,15634691,Customer_89,403,Germany,Male,79,10,42002.6721559289,1,0,0,70448.91530279041,0
91,15634692,Customer_90,455,Germany,Male,91,4,68210.62637991298,2,0,1,95770.37068494437,0
92,15634693,Customer_91,609,France,Female,27,2,0.0,2,0,1,56923.01259074597,0
93,15634694,Customer_92,659,Spain,Female,89,4,231834.29609261392,1,0,1,160078.29021085013,0
94,15634695,Customer_93,826,Germany,Male,71,1,65292.79345261346,2,1,1,130561.63733956046,0
95,15634696,Customer_94,540,France,Male,69,3,79418.53667672035,1,1,1,111215.2081874072,0
96,15634697,Customer_95,751,Spain,Male,37,5,0.0,1,1,0,84579.97769938716,0
97,15634698,Customer_96,567,Spain,Female,49,0,169298.25727009287,2,1,0,65363.0333439391,1
98,15634699,Customer_97,393,France,Female,31,9,38377.214193313725,1,1,0,166319.93234825198,1
99,15634700,Customer_98,511,France,Female,67,3,0.0,1,0,0,95767.45738237811,0
100,15634701,Customer_99,551,Spain,Female,45,5,217737.0928227435,1,1,1,105275.00976991781,0
101,15634702,Customer_100,795,Germany,Female,70,8,0.0,3,1,1,108957.4588027409,0
102,15634703,Customer_101,833,France,Male,41,10,171769.08818198962,1,1,1,95189.71773199952,0
103,15634704,Customer_102,619,France,Male,39,10,13998.513098611838,1,1,0,58656.80098530051,0
104,15634705,Customer_103,700,France,Female,47,1,91346.74608362769,2,1,0,32864.68364617988,0
105,15634706,Customer_104,653,France,Female,80,10,200958.45535874608,1,0,0,28722.080761870733,0
106,15634707,Customer_105,620,Germany,Male,21,6,28595.913710172612,1,1,1,153917.87943473083,0
107,15634708,Customer_106,805,France,Female,76,5,77755.32021057286,2,0,0,52470.28623728716,0
108,15634709,Customer_107,811,France,Male,25,1,150471.2388002347,1,1,0,20577.83484125536,0
109,15634710,Customer_108,564,Germany,Male,29,7,71539.12664774604,3,1,0,161528.30727221834,1
110,15634711,Customer_109,601,France,Male,48,6,234154.71379468462,1,0,0,39271.71404352312,0
111,15634712,Customer_110,539,France,Male,51,10,41454.07139302969,1,1,1,128777.75742933726,0
112,15634713,Customer_111,645,Germany,Female,66,4,201374.64589786687,1,0,0,74342.22157509401,0
113,15634714,Customer_112,562,Spain,Male,74,4,131907.68605753797,1,1,0,34031.24877134879,0
114,15634715,Customer_113,557,Germany,Female,43,6,190079.38619678945,2,1,0,88751.38605832838,0
115,15634716,Customer_114,586,Germany,Female,35,8,84571.67879474738,1,1,0,12813.683615198777,0
116,15634717,Customer_115,687,France,Female,55,10,133477.5045548893,1,0,1,169798.54667738648,0
117,15634718,Customer_116,716,France,Male,67,8,215640.48393356233,2,1,1,107564.61265495287,0
118,15634719,Customer_117,402,Germany,Male,25,8,122050.74378954506,2,1,0,36440.40207251275,0
119,15634720,Customer_118,629,France,Male,58,5,96332.7668584647,1,1,1,55026.260493907095,0
120,15634721,Customer_119,759,France,Female,23,9,138677.29270065666,1,0,0,95115.28650632006,0
121,15634722,Customer_120,566,France,Female,86,5,182167.06072872804,1,1,1,45885.182734954244,0
122,15634723,Customer_121,601,France,Male,61,2,116455.20291964065,1,1,0,61033.84068520631,0
123,15634724,Customer_122,537,France,Female,81,0,235330.4740341455,1,0,0,111533.2572047,1
124,15634725,Customer_123,729,France,Male,46,6,80786.9977701621,2,1,1,168195.71247729324,1
125,15634726,Customer_124,842,France,Female,45,3,124111.2654805889,2,1,1,86349.54028108495,0
126,15634727,Customer_125,390,France,Male,28,0,191662.63824194594,1,1,1,146225.30197517417,1
127,15634728,Customer_126,506,Spain,Female,82,7,0.0,1,1,0,176570.0005575232,0
128,15634729,Customer_127,364,Germany,Male,36,5,0.0,1,1,0,51097.17865627078,1
129,15634730,Customer_128,650,Germany,Female,26,5,0.0,1,1,1,163366.47437641042,0
130,15634731,Customer_129,414,Spain,Female,44,1,112445.9989108215,1,0,0,153906.4176828952,0
131,15634732,Customer_130,694,France,Female,51,0,0.0,2,1,0,77818.08661014565,1
132,15634733,Customer_131,676,France,Male,61,1,0.0,2,1,0,198008.79230516477,0
133,15634734,Customer_132,358,Germany,Male,85,3,184450.4574735452,4,1,0,59888.750572831836,0
134,15634735,Customer_133,693,Germany,Male,32,1,219763.28111409175,2,1,0,58412.62054602215,0
135,15634736,Customer_134,478,Germany,Male,68,0,62971.02062666048,1,1,0,156729.2412841076,0
136,15634737,Customer_135,841,France,Male,30,6,48027.52892557743,2,1,0,92584.89042970599,0
137,15634738,Customer_136,485,France,Female,66,10,0.0,1,1,1,72851.04900839821,0
138,15634739,Customer_137,821,France,Female,87,10,207448.70121212953,1,1,0,43945.93301442956,1
139,15634740,Customer_138,412,France,Male,73,7,84731.66557422024,2,1,0,155413.16187756337,0
140,15634741,Customer_139,488,Germany,Male,68,5,106407.25426234635,1,0,1,159401.14316585465,1
141,15634742,Customer_140,848,Germany,Male,54,3,130660.04598630696,2,0,1,117647.16061372668,1
142,15634743,Customer_141,430,France,Female,34,5,211468.77621029218,1,1,0,191889.58650636085,0
143,15634744,Customer_142,741,Spain,Male,75,2,166199.9731747564,2,1,1,70451.0213803043,0
144,15634745,Customer_143,512,Germany,Female,46,7,157615.51116587472,2,1,0,51727.61864107407,1
145,15634746,Customer_144,768,France,Male,50,9,0.0,2,0,1,138718.68609754776,0
146,15634747,Customer_145,638,France,Female,77,1,0.0,2,0,0,154097.64175194388,0
147,15634748,Customer_146,728,France,Female,72,4,0.0,1,0,0,52732.13440484625,0
148,15634749,Customer_147,610,France,Male,27,0,0.0,2,0,1,24556.045209611515,0
149,15634750,Customer_148,839,France,Female,64,5,58337.514211204536,3,0,1,163998.13245141067,0
150,15634751,Customer_149,580,France,Male,40,1,0.0,2,1,0,195535.37499274235,0
151,15634752,Customer_150,390,France,Female,38,3,28072.34406363274,2,1,0,132487.734353734,0
152,15634753,Customer_151,377,France,Male,30,5,0.0,2,1,0,62794.71102733989,0
153,15634754,Customer_152,484,Spain,Female,50,9,0.0,2,1,1,199367.7956250305,1
154,15634755,Customer_153,550,France,Female,41,10,11714.09962437881,2,1,0,179720.6608907447,0
155,15634756,Customer_154,677,Germany,Female,28,7,0.0,2,0,0,107542.32279325584,1
156,15634757,Customer_155,617,France,Female,34,7,89015.34768193468,2,0,0,166811.0441199484,0
157,15634758,Customer_156,767,Spain,Male,85,10,22595.610423934617,1,1,1,165005.8994199637,0
158,15634759,Customer_157,382,France,Male,64,5,0.0,1,1,1,187611.8042379649,0
159,15634760,Customer_158,397,France,Male,42,3,0.0,1,1,1,169775.53031695742,1
160,15634761,Customer_159,756,Spain,Male,90,7,94452.36024328155,1,1,0,132299.05483186126,0
161,15634762,Customer_160,411,Spain,Female,38,7,0.0,1,1,1,125767.7066017364,0
162,15634763,Customer_161,565,Spain,Male,29,9,0.0,2,1,1,98797.88478300623,1
163,15634764,Customer_162,642,France,Female,54,0,0.0,1,1,1,129032.2715944439,0
164,15634765,Customer_163,448,France,Female,59,3,0.0,1,1,0,161091.15144077272,0
165,15634766,Customer_164,521,Germany,Female,34,3,162618.5837703372,2,1,0,194117.1489974851,0
166,15634767,Customer_165,709,Spain,Male,65,6,193808.42215900758,3,1,1,98784.59805460281,1
167,15634768,Customer_166,563,Germany,Female,45,10,29011.156002008996,2,0,0,118994.10856786385,0
168,15634769,Customer_167,824,Germany,Female,58,6,0.0,4,1,1,94513.04406116853,0
169,15634770,Customer_168,384,France,Male,64,10,0.0,2,1,1,137012.83798684675,1
170,15634771,Customer_169,798,Spain,Female,35,7,55310.56666562667,1,1,1,129684.89577163932,0
171,15634772,Customer_170,576,France,Female,88,10,109458.01545243883,2,1,1,13388.420136788427,0
172,15634773,Customer_171,450,France,Male,30,4,234598.27201667748,2,1,1,112820.6962291251,0
173,15634774,Customer_172,780,France,Male,30,6,119694.31822378631,1,1,0,26812.510182812664,0
174,15634775,Customer_173,811,Germany,Male,48,7,79661.22528940706,1,1,0,15012.887421052284,0
175,15634776,Customer_174,480,France,Male,19,8,144864.4608447192,2,1,0,160327.46079609267,1
176,15634777,Customer_175,606,France,Male,33,2,36864.29875234942,1,0,1,59143.473810267096,0
177,15634778,Customer_176,354,Germany,Male,26,2,156281.41384119596,2,1,0,74724.46468458686,0
178,15634779,Customer_177,567,France,Male,90,3,146423.66903932078,1,1,0,22176.07164477258,0
179,15634780,Customer_178,604,Germany,Male,55,4,0.0,2,0,1,44105.04949392662,0
180,15634781,Customer_179,747,France,Female,71,9,246805.0267880858,2,0,1,155464.91546898056,0
181,15634782,Customer_180,708,France,Male,73,0,70209.63321186652,1,1,1,103770.85774419797,0
182,15634783,Customer_181,632,Germany,Female,62,6,132317.54819290256,1,1,1,177327.0078845282,0
183,15634784,Customer_182,742,France,Male,51,8,228127.69751656087,2,1,1,85476.00497869868,0
184,15634785,Customer_183,556,France,Male,26,7,198445.57226148192,2,0,1,61053.13979331096,0
185,15634786,Customer_184,364,France,Male,25,4,0.0,2,1,1,76043.96474714368,0
186,15634787,Customer_185,695,France,Male,24,3,236889.19590754667,1,1,1,145426.64076821186,1
187,15634788,Customer_186,391,Spain,Male,53,6,23736.80644403425,2,0,1,115451.07774355235,0
188,15634789,Customer_187,729,France,Female,35,4,233439.66873102015,1,0,1,181796.32943496128,0
189,15634790,Customer_188,810,Spain,Male,20,6,22121.77417187357,1,1,1,124412.06618388783,1
190,15634791,Customer_189,528,France,Female,45,0,141353.13858752424,1,1,0,103673.4596114856,0
191,15634792,Customer_190,412,Germany,Female,87,0,223705.8275202606,2,1,0,159293.01753847924,0
192,15634793,Customer_191,701,Spain,Male,61,9,73053.02645471267,1,0,0,190031.4316393546,0
193,15634794,Customer_192,580,Germany,Male,38,2,123339.63974683805,1,1,0,77610.7231365444,0
194,15634795,Customer_193,590,France,Female,45,10,87838.93099287199,2,1,0,57476.47993144076,0
195,15634796,Customer_194,401,France,Male,71,1,238514.54009832433,2,0,0,127081.30529588644,1
196,15634797,Customer_195,445,France,Male,71,1,0.0,1,1,0,104785.83601923738,0
197,15634798,Customer_196,737,Spain,Female,82,6,180160.3627183311,1,1,1,197945.25922430886,0
198,15634799,Customer_197,571,Spain,Male,38,9,0.0,1,0,1,97848.73898806934,0
199,15634800,Customer_198,834,Spain,Female,30,1,206942.02943779554,1,1,0,24122.994758465713,1
200,15634801,Customer_199,756,France,Female,74,10,104144.08996565129,2,1,1,195700.1215477508,0
201,15634802,Customer_200,580,Germany,Male,66,3,117412.44522545485,1,1,1,170281.51966277263,1
202,15634803,Customer_201,586,Spain,Male,71,1,185200.41305940677,2,0,1,43867.527352013036,0
203,15634804,Customer_202,492,France,Male,27,5,0.0,2,0,1,181874.99809144516,0
204,15634805,Customer_203,520,France,Male,70,7,0.0,1,1,0,74726.69595613147,0
205,15634806,Customer_204,378,Germany,Male,61,9,27840.30613265715,3,1,0,81651.27706154446,0
206,15634807,Customer_205,385,Germany,Female,64,3,37687.07231336893,1,0,0,182214.38164881026,0
207,15634808,Customer_206,362,Spain,Male,70,4,218723.51760247906,1,0,0,110721.95735670991,0
208,15634809,Customer_207,509,France,Male,91,3,0.0,1,0,1,36174.956585718726,0
209,15634810,Customer_208,676,Spain,Female,63,2,0.0,1,1,0,80120.67027494276,0
210,15634811,Customer_209,536,France,Female,30,4,0.0,1,1,0,147198.51479089734,1
211,15634812,Customer_210,592,France,Female,54,8,0.0,1,1,0,43094.99573292318,1
212,15634813,Customer_211,435,France,Male,41,7,93326.12021493087,2,0,0,122143.92750720817,0
213,15634814,Customer_212,633,Spain,Female,19,7,200603.76287612406,2,1,1,142102.0852594392,0
214,15634815,Customer_213,415,Germany,Male,31,7,160051.87000754516,2,0,1,75332.17935309008,0
215,15634816,Customer_214,519,Germany,Male,27,7,235033.5471898965,1,1,0,141837.33085458123,0
216,15634817,Customer_215,394,France,Male,52,6,0.0,2,1,0,177999.39684757055,1
217,15634818,Customer_216,411,Spain,Female,42,7,146843.59162112654,2,1,0,99702.18140431576,0
218,15634819,Customer_217,790,France,Male,20,10,0.0,2,1,0,82752.77235415927,1
219,15634820,Customer_218,483,Spain,Male,34,7,0.0,2,0,1,57720.096258074285,1
220,15634821,Customer_219,633,France,Male,29,7,199168.22316800946,2,0,0,124799.04117402779,1
221,15634822,Customer_220,377,France,Male,71,9,0.0,1,1,1,177171.88912735603,0
222,15634823,Customer_221,457,France,Female,41,6,0.0,2,1,1,71685.64076518686,0
223,15634824,Customer_222,393,France,Female,46,0,175201.21877117557,1,1,0,85284.74966208766,0
224,15634825,Customer_223,689,Germany,Female,60,3,189687.63482539722,4,1,0,87258.84833449694,0
225,15634826,Customer_224,635,Germany,Male,42,3,61154.108635344804,1,1,1,116554.34493772825,0
226,15634827,Customer_225,795,France,Male,77,4,0.0,1,0,1,53397.702697813336,0
227,15634828,Customer_226,680,Spain,Male,82,9,0.0,1,0,0,166220.1195084638,0
228,15634829,Customer_227,477,France,Male,45,5,66811.67340276875,2,1,1,66164.43272580205,0
229,15634830,Customer_228,697,Germany,Male,33,3,0.0,1,0,1,144018.91127036957,0
230,15634831,Customer_229,822,Spain,Female,64,1,33274.90300386289,1,1,0,107510.99093811488,0
231,15634832,Customer_230,580,Germany,Male,75,5,0.0,3,0,1,121320.5446370238,0
232,15634833,Customer_231,539,France,Male,44,7,41013.71202465985,2,1,0,44125.660377187545,0
233,15634834,Customer_232,574,Spain,Male,70,7,0.0,1,1,1,149654.4076538524,0
234,15634835,Customer_233,734,Germany,Male,59,6,212802.93691738622,1,0,1,45837.89861809991,0
235,15634836,Customer_234,726,France,Male,76,5,24172.034669985267,2,0,1,31559.99114921343,0
236,15634837,Customer_235,632,France,Female,64,1,75199.40592727732,2,1,0,113869.10497886952,0
237,15634838,Customer_236,795,Spain,Female,51,6,0.0,2,1,0,144766.4560143564,0
238,15634839,Customer_237,470,Germany,Female,54,10,80901.28871530358,2,0,1,19506.808922603777,0
239,15634840,Customer_238,465,Germany,Male,23,4,31734.272224220917,1,1,1,23185.109838702992,0
240,15634841,Customer_239,810,Spain,Male,24,5,170320.78017832336,2,0,1,162509.0409141246,0
241,15634842,Customer_240,582,Spain,Male,42,9,41998.435922218036,2,1,1,163716.21290639308,0
242,15634843,Customer_241,608,France,Male,50,7,0.0,2,1,1,56607.896241225426,0
243,15634844,Customer_242,708,France,Female,72,7,0.0,1,0,0,126893.35853203866,1
244,15634845,Customer_243,547,France,Male,75,2,13278.80451294626,2,1,0,94204.21427748531,0
245,15634846,Customer_244,805,Germany,Male,24,6,0.0,2,1,0,130212.24786666747,1
246,15634847,Customer_245,760,France,Male,74,0,16946.636018408095,1,0,1,173947.06397885276,0
247,15634848,Customer_246,486,Germany,Male,29,0,67514.98838981359,2,1,1,25172.720670628736,0
248,15634849,Customer_247,667,Spain,Female,33,6,17773.393066238816,2,0,1,157817.0409378063,0
249,15634850,Customer_248,514,Spain,Male,60,9,90602.43688943583,2,0,0,103675.52985899747,0
250,15634851,Customer_249,574,France,Male,24,8,133327.9661711852,2,0,0,117184.11931477932,0
251,15634852,Customer_250,656,Spain,Male,68,6,0.0,2,1,0,134246.95840325285,0
252,15634853,Customer_251,583,France,Male,90,9,0.0,2,0,1,185298.3983345304,0
253,15634854,Customer_252,521,Spain,Female,49,4,179317.605921548,1,1,0,20776.791174830192,0
254,15634855,Customer_253,501,France,Female,25,7,0.0,1,1,0,15600.506903645055,0
255,15634856,Customer_254,812,France,Female,89,1,0.0,1,1,0,43869.73848286696,1
256,15634857,Customer_255,664,Spain,Female,62,8,66639.185418217,2,1,1,197425.06794507994,0
257,15634858,Customer_256,723,France,Male,76,5,44450.741426504304,2,1,0,145864.50980177737,0
258,15634859,Customer_257,509,France,Female,21,8,54498.12408977303,2,1,1,126781.81262035537,0
259,15634860,Customer_258,445,Germany,Male,84,1,0.0,2,1,1,18937.4201488021,0
260,15634861,Customer_259,821,Germany,Male,46,2,0.0,2,0,1,177030.94253966332,1
261,15634862,Customer_260,582,Germany,Female,46,7,0.0,4,1,1,164423.8021264603,0
262,15634863,Customer_261,529,Germany,Male,45,0,29105.21847820135,1,0,0,136312.00833474612,0
263,15634864,Customer_262,462,Germany,Female,61,9,179669.51643842144,2,1,0,74434.85494209352,0
264,15634865,Customer_263,667,France,Male,21,6,167043.15031668585,1,1,1,23395.941557968887,0
265,15634866,Customer_264,846,France,Female,26,6,219404.78843904697,2,0,1,120207.31270117528,0
266,15634867,Customer_265,791,France,Female,22,0,68595.41452165773,2,0,1,146741.96857755914,1
267,15634868,Customer_266,401,Spain,Female,73,8,118026.36608440711,2,1,1,27905.666590677014,0
268,15634869,Customer_267,617,Germany,Female,67,7,232198.56986644416,1,1,0,130415.85536171423,1
269,15634870,Customer_268,644,France,Female,32,3,168398.42803247613,1,1,0,64409.55289856013,1
270,15634871,Customer_269,735,France,Male,49,9,103304.41908678327,2,1,1,155206.4020317642,0
271,15634872,Customer_270,736,Spain,Male,45,10,41538.97188526443,2,0,0,112527.01161434903,0
272,15634873,Customer_271,462,France,Male,39,4,72996.40189614185,1,0,0,34516.989683982974,0
273,15634874,Customer_272,450,Germany,Female,34,1,149491.714597452,2,1,1,110038.69506931484,0
274,15634875,Customer_273,462,Germany,Male,76,8,182360.3074145233,1,1,0,85190.00403967654,0
275,15634876,Customer_274,789,Germany,Female,88,5,39861.25284445444,2,1,0,44267.63397351386,1
276,15634877,Customer_275,430,France,Male,74,2,153903.34241057295,2,0,1,169887.9875718034,0
277,15634878,Customer_276,536,Spain,Male,43,6,0.0,2,1,1,12095.405214835879,0
278,15634879,Customer_277,462,Spain,Female,42,8,0.0,3,1,0,69304.37260684013,0
279,15634880,Customer_278,351,Germany,Male,27,2,175629.5482436819,2,1,1,12393.057252191084,0
280,15634881,Customer_279,479,Germany,Male,62,1,210987.90282003084,2,1,1,28241.319836169016,1
281,15634882,Customer_280,569,Spain,Male,28,6,0.0,1,1,0,66448.2816428854,0
282,15634883,Customer_281,403,Germany,Female,70,6,223362.92562663025,1,1,0,20311.52522398098,0
283,15634884,Customer_282,692,France,Female,89,3,0.0,1,0,0,123359.80114785682,0
284,15634885,Customer_283,834,Germany,Male,85,10,0.0,2,0,1,26503.95251737473,1
285,15634886,Customer_284,573,Germany,Male,45,8,74025.29526974173,1,1,0,143325.59047255808,0
286,15634887,Customer_285,574,France,Male,82,7,0.0,1,1,1,20002.00139916061,1
287,15634888,Customer_286,734,Germany,Female,66,0,0.0,1,1,1,21268.69001220839,0
288,15634889,Customer_287,752,Spain,Female,64,0,35538.8230966827,1,1,1,68011.9208163206,0
289,15634890,Customer_288,475,Spain,Male,69,4,207220.5800764937,1,1,1,180348.58974416272,0
290,15634891,Customer_289,479,France,Male,71,5,43352.5580527899,2,1,1,131864.71725743014,0
291,15634892,Customer_290,402,France,Male,77,2,189351.41381436563,2,0,0,156324.94546649468,0
292,15634893,Customer_291,521,Spain,Female,74,8,21499.328299200097,2,0,0,36894.90080065015,0
293,15634894,Customer_292,567,Spain,Female,64,9,0.0,2,0,1,168483.8323169767,0
294,15634895,Customer_293,509,France,Male,48,5,180678.42100666388,1,1,0,11547.787156904678,0
295,15634896,Customer_294,547,Spain,Male,63,3,0.0,2,1,0,50480.896639271166,0
296,15634897,Customer_295,765,Spain,Male,43,6,193325.56004805135,1,0,1,127057.54101849876,0
297,15634898,Customer_296,596,Germany,Female,22,7,133379.66098388447,1,1,1,81296.81763286957,0
298,15634899,Customer_297,673,Germany,Male,69,8,197047.64088042875,2,0,0,196996.74442652706,0
299,15634900,Customer_298,788,France,Female,71,10,0.0,1,1,1,15764.456895480464,0
300,15634901,Customer_299,552,France,Female,50,5,163845.96583248512,2,1,0,199733.65190794322,0
301,15634902,Customer_300,533,France,Male,67,5,0.0,1,1,1,128489.28824365005,0
302,15634903,Customer_301,472,Spain,Male,55,7,0.0,2,0,0,116154.32897325834,1
303,15634904,Customer_302,750,France,Male,44,4,10649.955956908501,1,1,1,21307.36408715513,0
304,15634905,Customer_303,604,France,Female,32,2,0.0,1,1,0,61932.48656651923,0
305,15634906,Customer_304,643,France,Female,78,2,101413.68702991902,2,0,1,185685.91077540317,1
306,15634907,Customer_305,629,Germany,Female,38,5,0.0,1,0,0,77306.74060595641,1
307,15634908,Customer_306,674,Spain,Male,63,1,11863.994116952492,1,1,0,135714.1080887777,0
308,15634909,Customer_307,721,France,Male,86,5,128102.08248402351,1,1,0,199904.3065795571,1
309,15634910,Customer_308,447,France,Female,23,5,246756.9763772151,2,1,0,59983.245628372824,0
310,15634911,Customer_309,547,Germany,Female,55,7,76784.23859650471,2,1,0,119455.36701275382,0
311,15634912,Customer_310,819,France,Male,79,6,104900.38485817074,1,1,0,142323.1806134205,0
312,15634913,Customer_311,744,France,Female,79,7,174925.59915248238,3,0,1,41279.176847428884,0
313,15634914,Customer_312,589,France,Female,91,8,205550.4802056781,2,0,1,38247.7871022746,0
314,15634915,Customer_313,493,France,Female,63,5,110173.98976146408,2,1,0,96698.50321505293,1
315,15634916,Customer_314,446,France,Female,30,2,84320.5288963102,2,1,1,83304.37913426498,1
316,15634917,Customer_315,550,France,Female,20,9,235078.1919964161,1,1,0,145700.93300288962,0
317,15634918,Customer_316,473,France,Female,23,2,172514.7920012006,2,1,1,23206.666575231386,0
318,15634919,Customer_317,536,Spain,Male,25,10,38565.113078353854,1,1,0,194711.65851073118,0
319,15634920,Customer_318,675,France,Male,61,0,26542.69075231567,1,1,1,12712.626520308148,0
320,15634921,Customer_319,813,Germany,Female,50,10,126051.96418968857,4,1,0,124250.19662386873,0
321,15634922,Customer_320,698,Germany,Male,67,4,0.0,2,1,1,116900.19321480379,0
322,15634923,Customer_321,608,France,Male,28,3,0.0,1,0,0,35595.9888652479,1
323,15634924,Customer_322,497,Germany,Male,45,8,220646.12291868357,1,1,0,38674.03671557066,0
324,15634925,Customer_323,601,France,Male,87,8,0.0,2,0,0,160608.7226809791,0
325,15634926,Customer_324,792,Spain,Female,58,4,181687.38765493353,1,1,1,178636.8670984098,0
326,15634927,Customer_325,769,France,Female,33,9,75074.14081134115,1,1,1,63773.223517916216,0
327,15634928,Customer_326,752,France,Male,85,3,192478.77313699306,1,1,1,93213.153152888,1
328,15634929,Customer_327,695,France,Male,65,6,0.0,1,1,1,77449.05779728717,0
329,15634930,Customer_328,800,Spain,Male,73,5,0.0,2,0,1,23783.93246746386,0
330,15634931,Customer_329,496,Germany,Female,81,3,132192.49910118378,1,0,1,137908.80674300378,0
331,15634932,Customer_330,497,Germany,Female,76,9,43436.675770731126,2,1,0,166786.65761308113,0
332,15634933,Customer_331,701,France,Male,79,1,217894.48733888243,1,1,1,67927.07790432934,0
333,15634934,Customer_332,548,Germany,Female,28,0,219180.61188697757,2,1,0,198133.40078983648,0
334,15634935,Customer_333,657,France,Female,35,3,110402.99379850194,3,1,1,24411.795883647435,0
335,15634936,Customer_334,838,Spain,Female,36,3,116654.94842825933,2,1,1,135740.235624759,0
336,15634937,Customer_335,766,France,Female,72,0,82787.90545708651,2,1,1,95163.3227599569,0
337,15634938,Customer_336,773,France,Male,43,5,0.0,2,0,1,94854.36121026461,0
338,15634939,Customer_337,477,France,Female,23,3,96078.72712635019,1,1,1,96952.66704637265,0
339,15634940,Customer_338,388,France,Male,21,0,74270.1938854321,2,1,1,59149.537022271405,0
340,15634941,Customer_339,687,Germany,Female,46,0,113735.45428108198,2,1,0,145956.93719312415,1
341,15634942,Customer_340,709,France,Female,76,0,0.0,1,1,0,147099.53995615512,0
342,15634943,Customer_341,478,Spain,Female,34,7,189184.7691146089,1,1,1,63655.450920107134,0
343,15634944,Customer_342,616,France,Female,60,9,13023.13630522887,2,1,1,168708.22756310552,0
344,15634945,Customer_343,825,Germany,Male,83,7,164676.41476494254,2,0,0,70200.5392935627,0
345,15634946,Customer_344,790,France,Male,51,1,0.0,1,1,0,147767.69355744304,0
346,15634947,Customer_345,822,France,Female,25,10,65776.97109145916,1,1,0,32989.95582729262,1
347,15634948,Customer_346,783,Germany,Female,30,6,162551.6796736096,2,0,0,42053.312132711675,0
348,15634949,Customer_347,500,France,Male,25,7,248306.43178789772,2,1,1,70001.17245656773,0
349,15634950,Customer_348,764,France,Male,82,7,196652.19737741217,2,1,1,122836.01585689367,0
350,15634951,Customer_349,827,Spain,Male,60,10,64201.511733614076,2,1,1,132647.18224095285,1
351,15634952,Customer_350,647,Spain,Female,56,9,52245.94120987211,2,0,1,85307.67267382023,0
352,15634953,Customer_351,448,France,Female,76,10,217895.8888642409,2,1,1,24789.439090997665,0
353,15634954,Customer_352,612,France,Male,61,6,116604.14750116103,2,0,0,80990.58389761762,1
354,15634955,Customer_353,601,Germany,Male,26,4,0.0,2,0,0,140865.8280322388,0
355,15634956,Customer_354,493,France,Female,54,0,216930.74159726515,2,0,0,137489.13761476002,0
356,15634957,Customer_355,695,France,Female,91,8,0.0,1,1,0,40437.31850903413,0
357,15634958,Customer_356,461,France,Male,53,6,246137.52733531926,1,0,0,11478.95435110376,0
358,15634959,Customer_357,849,Germany,Female,45,1,0.0,3,1,0,153066.5072862622,0
359,15634960,Customer_358,409,Germany,Male,59,5,0.0,1,0,0,30209.951613196306,0
360,15634961,Customer_359,718,France,Male,60,1,22617.855474640754,1,1,0,25646.337353214243,0
361,15634962,Customer_360,351,France,Female,59,0,0.0,1,1,1,10513.23119849106,1
362,15634963,Customer_361,734,France,Female,83,6,146555.96663298947,2,1,0,92194.25193181618,1
363,15634964,Customer_362,653,Germany,Female,72,1,0.0,1,1,1,105620.14117115474,0
364,15634965,Customer_363,603,France,Female,89,1,119911.17147748852,1,1,0,131156.16876823222,0
365,15634966,Customer_364,489,France,Female,65,10,105229.43809950021,1,1,1,66252.12973539131,0
366,15634967,Customer_365,802,Spain,Male,39,4,113490.51636743893,2,1,1,144980.6961134882,0
367,15634968,Customer_366,386,France,Male,44,4,146631.50419235087,1,0,1,42173.052907318895,0
368,15634969,Customer_367,509,Germany,Male,84,6,0.0,1,0,1,168078.110090966,0
369,15634970,Customer_368,358,France,Male,30,0,72570.10579188453,1,0,0,118651.18248918466,0
370,15634971,Customer_369,582,France,Female,62,7,0.0,2,1,0,120939.0664406892,0
371,15634972,Customer_370,448,France,Female,27,2,183331.86368167508,1,1,0,49857.328618030544,0
372,15634973,Customer_371,496,Germany,Male,26,3,51797.60617489512,1,1,0,24080.662367073768,0
373,15634974,Customer_372,653,Spain,Male,71,8,141251.48170898392,2,1,0,98297.71258532758,0
374,15634975,Customer_373,557,Spain,Female,44,3,0.0,3,1,1,126966.2708652482,0
375,15634976,Customer_374,480,France,Male,51,9,116710.63789933712,2,1,1,28058.827145720265,0
376,15634977,Customer_375,753,Germany,Female,18,4,0.0,3,1,1,190601.55016035168,0
377,15634978,Customer_376,501,France,Female,49,6,117824.35803175281,2,0,1,196278.7284442333,0
378,15634979,Customer_377,403,France,Female,88,3,81146.77305859675,1,1,1,113636.77212457347,0
379,15634980,Customer_378,469,Spain,Male,84,0,233115.9058483188,2,0,1,190513.13950194718,0
380,15634981,Customer_379,510,France,Male,37,8,0.0,1,1,1,44094.595140362086,0
381,15634982,Customer_380,757,France,Female,52,3,0.0,2,0,0,14829.93018410973,1
382,15634983,Customer_381,465,France,Female,34,8,22652.743920280278,1,1,0,17487.811705174085,0
383,15634984,Customer_382,424,France,Male,35,5,0.0,1,1,1,121627.37109108803,0
384,15634985,Customer_383,462,France,Female,62,0,0.0,2,0,1,21711.95785299647,0
385,15634986,Customer_384,805,Germany,Male,70,2,81509.1835160477,1,0,1,192123.66529657654,1
386,15634987,Customer_385,769,France,Female,85,10,0.0,2,1,0,36967.310044285725,0
387,15634988,Customer_386,771,Spain,Male,82,1,0.0,1,1,1,67897.33315006594,0
388,15634989,Customer_387,453,Spain,Female,18,8,82989.72387232869,1,1,0,166278.3823796862,0
389,15634990,Customer_388,689,France,Male,75,0,159065.5179784487,2,1,0,51560.661389777684,0
390,15634991,Customer_389,603,France,Male,43,8,0.0,2,1,0,56164.007106368415,0
391,15634992,Customer_390,576,France,Male,37,8,0.0,2,1,0,132038.70160029345,0
392,15634993,Customer_391,461,Germany,Male,27,7,160817.66983383754,1,1,0,62456.356812959835,1
393,15634994,Customer_392,822,France,Female,76,7,0.0,2,1,0,51315.050461463055,0
394,15634995,Customer_393,448,Germany,Female,58,10,19301.664533003794,2,1,0,58293.76571807492,1
395,15634996,Customer_394,502,France,Male,22,0,0.0,2,1,0,103223.0248747381,0
396,15634997,Customer_395,698,Germany,Male,82,10,193546.29811002142,1,1,1,193558.9758189816,1
397,15634998,Customer_396,751,France,Female,34,7,73733.82352297928,3,1,1,168125.20889663338,0
398,15634999,Customer_397,733,France,Female,39,9,203625.65671570416,2,1,0,64075.950266433654,0
399,15635000,Customer_398,715,Spain,Female,58,2,70433.62385221155,2,1,0,79040.90961463857,1
400,15635001,Customer_399,687,Spain,Male,85,10,207699.13310819212,2,1,1,98257.32759577471,1
401,15635002,Customer_400,543,France,Male,86,6,0.0,2,0,1,195996.63293322816,0
402,15635003,Customer_401,659,Spain,Female,28,10,0.0,1,1,0,42754.18898378598,0
403,15635004,Customer_402,512,France,Male,73,0,129804.74822399931,1,1,1,77921.78966345773,1
404,15635005,Customer_403,557,Spain,Female,68,0,0.0,2,0,1,148590.95785671583,0
405,15635006,Customer_404,794,Spain,Male,38,9,0.0,1,1,0,193149.3095110992,0
406,15635007,Customer_405,518,France,Female,43,4,113682.53414328703,1,1,0,39578.29042520516,1
407,15635008,Customer_406,833,France,Male,36,4,249771.8795448748,1,0,0,53202.191296925695,0
408,15635009,Customer_407,510,France,Female,77,7,62878.57442501982,1,1,1,52881.988134181745,0
409,15635010,Customer_408,417,Germany,Male,88,6,34771.99573095991,2,1,0,13977.085603493968,0
410,15635011,Customer_409,638,Germany,Female,64,7,150408.44049247887,2,0,0,124781.9687463804,0
411,15635012,Customer_410,747,France,Male,88,5,0.0,1,0,0,137433.58408771982,0
412,15635013,Customer_411,626,France,Female,43,5,135807.10505519377,1,1,1,124479.91912379814,1
413,15635014,Customer_412,653,Spain,Female,57,1,0.0,2,1,1,23551.367988434726,0
414,15635015,Customer_413,753,Spain,Female,22,5,74114.57676895583,2,0,1,23153.723891670023,1
415,15635016,Customer_414,733,Germany,Female,38,4,228559.59889213322,3,1,1,49973.445353883566,1
416,15635017,Customer_415,741,France,Female,21,2,114561.29586934969,2,1,0,65155.95798279378,0
417,15635018,Customer_416,484,France,Female,40,5,40980.68683419083,1,1,1,159443.29462290902,0
418,15635019,Customer_417,544,France,Male,32,7,0.0,2,1,1,40284.15049229501,0
419,15635020,Customer_418,750,Spain,Female,25,8,164345.04462828406,3,1,0,18377.521115531104,0
420,15635021,Customer_419,477,France,Male,58,0,85778.4165961689,2,1,1,84857.62646548047,0
421,15635022,Customer_420,382,Germany,Male,36,2,159164.49376817164,2,0,1,89114.51232696486,0
422,15635023,Customer_421,525,France,Male,63,2,62766.86952855445,1,1,1,95672.39425590131,0
423,15635024,Customer_422,809,Germany,Male,45,10,116761.44624172708,2,1,0,167111.673365124,0
424,15635025,Customer_423,792,Germany,Female,85,7,0.0,2,0,1,28621.028825478927,0
425,15635026,Customer_424,720,Spain,Female,32,0,0.0,1,1,1,143748.9956601728,0
426,15635027,Customer_425,819,France,Female,54,4,102807.14799699088,1,1,0,74209.65849860525,0
427,15635028,Customer_426,724,France,Male,18,2,207074.18193288334,1,1,0,68896.2259227393,0
428,15635029,Customer_427,371,France,Male,84,1,242677.81585748275,1,1,0,187183.19395633618,0
429,15635030,Customer_428,587,Spain,Male,41,7,118942.27274123102,1,0,1,57209.01963918099,0
430,15635031,Customer_429,507,Spain,Male,44,2,131679.90883440338,1,1,1,132081.0487144796,0
431,15635032,Customer_430,387,Germany,Male,57,6,147321.27082810472,2,1,0,62274.27390145749,0
432,15635033,Customer_431,579,Germany,Male,80,10,233763.5539920906,1,0,0,106357.33770167317,0
433,15635034,Customer_432,714,Germany,Male,78,0,0.0,1,1,0,159395.6495932928,0
434,15635035,Customer_433,400,France,Female,53,5,50944.26990919464,2,1,1,177527.27946808952,0
435,15635036,Customer_434,787,Spain,Female,41,2,0.0,2,0,0,169352.47565605957,0
436,15635037,Customer_435,613,France,Female,41,7,0.0,2,1,1,120614.33986748157,0
437,15635038,Customer_436,632,France,Female,21,5,199383.0667957016,1,1,1,57275.0999142622,1
438,15635039,Customer_437,376,Germany,Female,84,1,154694.29182530448,2,0,1,135634.3428197545,0
439,15635040,Customer_438,575,France,Male,51,5,0.0,1,1,0,144881.95869812553,1
440,15635041,Customer_439,626,France,Female,74,6,0.0,2,1,0,12031.47812156527,0
441,15635042,Customer_440,635,Germany,Female,66,4,0.0,1,1,0,93449.99707705616,0
442,15635043,Customer_441,446,France,Male,70,2,63522.35764809592,2,0,0,170219.78813613523,0
443,15635044,Customer_442,633,Germany,Male,40,3,0.0,1,1,0,103021.643286179,0
444,15635045,Customer_443,716,France,Female,86,3,0.0,2,0,1,69161.33401103102,0
445,15635046,Customer_444,797,France,Male,70,5,15194.934723276061,2,1,0,175641.57649468593,0
446,15635047,Customer_445,830,France,Female,79,9,32026.625553082198,1,1,0,39617.33253066309,0
447,15635048,Customer_446,802,France,Female,58,0,173428.7899368583,1,1,0,49224.59415907807,0
448,15635049,Customer_447,666,Germany,Male,74,10,0.0,2,0,0,140600.74971786534,0
449,15635050,Customer_448,653,France,Male,77,3,133414.48270383463,3,1,1,76962.82889004925,0
450,15635051,Customer_449,496,Germany,Male,71,9,139405.85908327193,2,0,0,145473.198789418,0
451,15635052,Customer_450,353,France,Male,87,3,71222.42387977106,1,1,0,39963.68803930346,0
452,15635053,Customer_451,384,Germany,Male,74,9,194290.32727209074,1,1,1,57931.12702416073,1
453,15635054,Customer_452,541,Spain,Female,27,0,190430.70096814152,2,1,0,39763.00188909037,0
454,15635055,Customer_453,398,Germany,Male,57,8,0.0,2,1,0,191052.95957706682,0
455,15635056,Customer_454,366,France,Male,24,3,61039.42876272228,2,1,0,87026.75256167559,0
456,15635057,Customer_455,521,France,Male,55,6,33284.37237690147,2,1,0,74071.78288294293,1
457,15635058,Customer_456,569,France,Female,78,2,25417.25820571021,2,1,0,12698.409672445294,0
458,15635059,Customer_457,507,Germany,Male,20,9,0.0,2,1,0,39149.34008806861,0
459,15635060,Customer_458,826,France,Male,68,2,0.0,1,1,1,90015.8126860749,0
460,15635061,Customer_459,395,France,Female,64,7,215999.30362742196,1,1,0,23015.530588659873,0
461,15635062,Customer_460,722,Germany,Female,85,7,0.0,2,0,1,107040.47260618121,0
462,15635063,Customer_461,355,France,Male,55,10,0.0,1,1,1,96452.93330824509,0
463,15635064,Customer_462,448,Spain,Female,53,0,237251.24712184566,1,1,1,155761.9466654269,1
464,15635065,Customer_463,729,France,Male,58,9,76040.82699713632,1,1,0,135362.51326606015,0
465,15635066,Customer_464,582,France,Male,86,1,105510.48313138173,1,1,0,94729.98801090903,0
466,15635067,Customer_465,386,Germany,Male,30,7,233554.95822320337,2,0,1,52685.53301996357,0
467,15635068,Customer_466,629,France,Male,75,0,91175.43215614837,2,1,1,148104.0775433832,0
468,15635069,Customer_467,698,Germany,Female,67,7,0.0,1,1,1,144493.7996562988,0
469,15635070,Customer_468,846,France,Male,47,7,0.0,1,1,0,39126.27049792361,0
470,15635071,Customer_469,651,France,Male,79,1,168834.57485786194,2,1,1,183802.84797082652,0
471,15635072,Customer_470,530,Spain,Female,42,3,206053.6694810004,1,1,0,22236.9720428582,0
472,15635073,Customer_471,444,Spain,Female,44,5,189890.93541306045,2,0,0,20457.16468961608,0
473,15635074,Customer_472,448,Germany,Male,68,10,0.0,2,1,0,45596.579355861126,0
474,15635075,Customer_473,537,France,Female,74,8,83663.45751549581,1,1,0,182797.55162926653,0
475,15635076,Customer_474,830,Germany,Male,64,7,23702.64109790649,2,0,0,108799.64356701514,0
476,15635077,Customer_475,465,France,Female,56,7,92332.41580471615,2,1,1,159708.77492785102,1
477,15635078,Customer_476,540,France,Female,33,6,170064.63644893758,1,1,1,53290.20573453511,0
478,15635079,Customer_477,602,Spain,Female,39,8,34607.00757467233,2,1,1,103142.17518421076,0
479,15635080,Customer_478,818,France,Male,71,1,12860.315914778103,1,1,0,78074.99808853763,1
480,15635081,Customer_479,765,Spain,Male,38,2,43526.16942470528,1,1,1,167287.43534257662,0
481,15635082,Customer_480,820,France,Male,89,9,0.0,2,1,0,14294.843478253058,1
482,15635083,Customer_481,510,France,Male,33,7,243470.48839754655,2,1,0,56330.11869356001,0
483,15635084,Customer_482,605,Germany,Male,76,5,245935.5279075569,2,1,0,38989.102617451965,0
484,15635085,Customer_483,672,Spain,Female,48,9,0.0,1,1,0,173245.9173570982,0
485,15635086,Customer_484,477,Germany,Male,59,8,218644.55223816336,1,0,0,98833.33144181549,1
486,15635087,Customer_485,367,Spain,Male,91,9,186838.34938036097,2,1,0,86801.80833971107,0
487,15635088,Customer_486,630,Germany,Female,49,3,0.0,1,1,1,95401.72479920517,1
488,15635089,Customer_487,839,Germany,Male,76,7,147462.52790922084,2,1,1,194665.6646334437,0
489,15635090,Customer_488,572,Spain,Female,51,9,0.0,2,0,0,171550.80492382558,1
490,15635091,Customer_489,403,France,Male,26,2,235038.75054798208,2,1,1,144210.06665155845,0
491,15635092,Customer_490,407,France,Male,28,2,94463.14497562643,2,0,1,65191.00225241838,0
492,15635093,Customer_491,672,France,Male,27,7,117075.82154972068,1,1,1,41382.869908505076,1
493,15635094,Customer_492,709,Spain,Male,34,4,171198.4554394957,1,1,1,185072.38951464614,1
494,15635095,Customer_493,523,Spain,Female,85,2,90136.59316637294,1,0,0,90384.34933133174,0
495,15635096,Customer_494,629,France,Male,65,9,71022.19863734333,2,1,1,62963.60189903954,0
496,15635097,Customer_495,463,Germany,Male,69,10,0.0,2,0,1,99474.95701935074,0
497,15635098,Customer_496,637,Spain,Male,42,0,15996.17974764387,2,1,1,184391.01033586691,0
498,15635099,Customer_497,780,France,Male,38,2,0.0,2,1,1,83542.78954434571,0
499,15635100,Customer_498,691,Germany,Female,82,8,133365.60877036233,3,1,1,116901.7894771389,0
500,15635101,Customer_499,500,Spain,Male,80,4,155380.89532502426,1,1,1,162563.5972106277,0
501,15635102,Customer_500,799,France,Female,68,9,0.0,1,0,0,91155.18089919433,0
502,15635103,Customer_501,476,Germany,Female,53,1,136492.0375582153,1,1,0,54372.94236600998,0
503,15635104,Customer_502,504,France,Female,83,6,0.0,2,0,0,198959.89219277634,0
504,15635105,Customer_503,839,Spain,Female,32,1,0.0,1,1,0,191748.46291591032,0
505,15635106,Customer_504,735,Spain,Male,56,3,190748.5233231218,2,0,0,170261.04213384766,0
506,15635107,Customer_505,823,Spain,Male,87,6,0.0,2,1,1,140791.03708332527,0
507,15635108,Customer_506,622,France,Male,18,3,0.0,2,1,1,66024.46933324242,0
508,15635109,Customer_507,453,Spain,Female,40,6,0.0,2,1,1,183548.45825116607,0
509,15635110,Customer_508,766,Spain,Female,56,6,106275.51267803142,1,1,1,62355.76732303346,1
510,15635111,Customer_509,742,France,Male,74,0,0.0,1,1,1,162153.80398859817,0
511,15635112,Customer_510,648,Spain,Female,51,5,105181.73785271913,2,0,1,184469.0519088482,1
512,15635113,Customer_511,595,France,Male,58,8,0.0,1,0,1,124570.72968168318,0
513,15635114,Customer_512,525,Germany,Female,90,1,136106.8303269231,1,1,1,162580.68139932398,0
514,15635115,Customer_513,388,France,Male,30,2,36277.83341307092,2,1,0,160422.06884833187,0
515,15635116,Customer_514,826,France,Female,87,9,0.0,1,1,0,46699.97271298618,0
516,15635117,Customer_515,519,France,Female,23,4,249596.50157702962,2,0,0,136905.64998325607,0
517,15635118,Customer_516,596,Germany,Male,69,8,139927.03321507166,2,1,1,27758.908011844273,0
518,15635119,Customer_517,375,France,Male,20,3,78174.01336970297,1,0,1,106491.52719612146,0
519,15635120,Customer_518,704,Germany,Male,80,0,248745.98909773745,1,1,0,40824.754146709725,0
520,15635121,Customer_519,655,France,Male,66,3,0.0,1,1,0,89106.40477132202,0
521,15635122,Customer_520,758,France,Male,64,5,115777.36986022325,2,0,1,168266.59419270317,0
522,15635123,Customer_521,757,Germany,Female,72,4,72496.74610909802,1,1,1,197561.88952973884,0
523,15635124,Customer_522,362,Spain,Female,81,0,211215.9131421256,2,1,0,70412.36801532737,1
524,15635125,Customer_523,665,France,Male,82,3,181748.9720732286,1,1,1,111071.58276880355,0
525,15635126,Customer_524,740,Germany,Male,84,5,174865.94440084248,1,0,1,107146.62463039282,0
526,15635127,Customer_525,662,Spain,Female,32,9,224347.2979173934,1,1,1,191336.28686790253,0
527,15635128,Customer_526,385,Germany,Female,49,9,0.0,1,1,0,100930.90916222696,1
528,15635129,Customer_527,522,France,Male,85,3,0.0,1,1,0,142830.17902594258,0
529,15635130,Customer_528,369,France,Female,35,8,0.0,2,1,0,185139.95429061996,0
530,15635131,Customer_529,670,Spain,Male,60,4,83395.24270807936,2,0,0,80941.92631199962,0
531,15635132,Customer_530,613,France,Male,52,7,192217.35511767882,1,0,1,181403.22526662366,0
532,15635133,Customer_531,843,Spain,Male,75,8,158739.48507797584,1,1,0,184316.68215929257,0
533,15635134,Customer_532,749,Germany,Male,50,9,28578.77247634014,2,0,1,186825.87575375484,0
534,15635135,Customer_533,491,Spain,Male,31,4,133080.48698443407,2,1,0,61384.77523957102,1
535,15635136,Customer_534,809,Spain,Female,51,5,92392.23260697782,1,1,1,86067.56291129212,0
536,15635137,Customer_535,720,Spain,Female,78,0,88856.95185575062,2,1,0,175375.22256288337,0
537,15635138,Customer_536,820,France,Female,21,10,154541.51257054173,1,0,1,78240.74661327957,0
538,15635139,Customer_537,492,Spain,Male,76,6,87357.95787266198,2,1,1,124048.07625736596,0
539,15635140,Customer_538,441,France,Male,46,3,196454.49956916945,1,1,1,32430.35637940987,0
540,15635141,Customer_539,703,France,Female,23,10,26989.944642681865,1,0,0,20692.247741135747,0
541,15635142,Customer_540,671,Germany,Male,66,1,168493.1805749981,2,1,0,88278.8580035128,0
542,15635143,Customer_541,637,Spain,Male,57,4,204206.7528776179,1,1,1,119994.14119261631,0
543,15635144,Customer_542,564,Spain,Male,82,2,171479.6055809032,2,1,0,84612.83153819887,0
544,15635145,Customer_543,796,Spain,Female,86,5,129335.00680479898,1,1,0,119769.79633055998,0
545,15635146,Customer_544,691,France,Male,44,7,0.0,2,0,0,107866.03147263915,0
546,15635147,Customer_545,400,France,Male,23,6,81985.23755153526,2,1,1,140284.3735643544,0
547,15635148,Customer_546,502,Germany,Female,30,2,0.0,1,1,1,133411.16190242406,0
548,15635149,Customer_547,535,France,Male,81,7,113677.44915122581,2,1,0,90606.6836092502,0
549,15635150,Customer_548,412,France,Male,79,1,17922.86461607854,2,1,0,90749.09567977402,0
550,15635151,Customer_549,539,France,Male,36,9,238944.8206063381,2,1,0,36747.88460232408,0
551,15635152,Customer_550,474,France,Male,60,8,0.0,2,1,1,107515.32869832724,0
552,15635153,Customer_551,499,France,Female,91,3,199342.4857477311,2,0,0,121564.03434578238,0
553,15635154,Customer_552,663,France,Male,37,0,195897.29996184757,1,0,0,100532.98549722698,1
554,15635155,Customer_553,407,France,Male,85,7,0.0,1,1,1,71884.39366652981,0
555,15635156,Customer_554,691,France,Female,61,6,159094.36731524015,2,0,1,147113.22340782982,0
556,15635157,Customer_555,654,Spain,Female,40,10,21538.95243674805,2,1,1,24185.71248259257,0
557,15635158,Customer_556,529,France,Female,19,4,126057.90056892819,1,1,1,183743.670253269,0
558,15635159,Customer_557,519,France,Male,39,9,0.0,2,1,0,13922.253513700725,1
559,15635160,Customer_558,675,Germany,Male,74,4,231074.53124340205,2,1,1,192846.5253532728,0
560,15635161,Customer_559,620,France,Female,89,6,244260.6458078972,1,0,0,97847.56417758587,0
561,15635162,Customer_560,403,Spain,Female,24,4,63347.863993260464,1,0,1,88407.28936067282,0
562,15635163,Customer_561,840,Spain,Male,73,7,59945.448303129466,2,1,0,58724.363318005744,1
563,15635164,Customer_562,793,France,Male,84,10,0.0,1,1,1,11913.515618133802,0
564,15635165,Customer_563,450,France,Male,33,5,0.0,2,1,1,62210.15024014196,1
565,15635166,Customer_564,830,Spain,Female,68,4,0.0,2,1,0,30785.98583746345,0
566,15635167,Customer_565,613,Spain,Male,89,8,147742.99266951575,1,0,1,135365.960111745,0
567,15635168,Customer_566,402,France,Male,29,10,0.0,1,1,0,70624.24474093798,0
568,15635169,Customer_567,409,Germany,Male,70,1,0.0,1,1,0,155764.0723966957,1
569,15635170,Customer_568,841,France,Female,22,0,128417.60809921485,1,0,0,49314.07559576222,1
570,15635171,Customer_569,457,Spain,Female,44,7,0.0,2,1,0,181044.6229121008,0
571,15635172,Customer_570,354,France,Male,29,2,0.0,1,1,0,109366.48787010819,0
572,15635173,Customer_571,452,Spain,Female,34,10,49700.83651081824,2,1,1,31756.177329106467,0
573,15635174,Customer_572,545,Germany,Female,23,6,0.0,1,0,0,86160.594774161,0
574,15635175,Customer_573,611,Germany,Male,22,9,246143.42563417653,1,1,0,49284.49957325471,0
575,15635176,Customer_574,714,Germany,Male,74,10,227473.00867059504,1,0,0,47940.23097195405,0
576,15635177,Customer_575,829,France,Male,45,7,23306.85656892194,1,0,1,106210.2501539197,0
577,15635178,Customer_576,721,France,Female,86,5,209928.2233458568,1,1,1,137659.4829709108,0
578,15635179,Customer_577,699,France,Female,76,9,119873.1838142096,1,1,1,183207.45904565137,0
579,15635180,Customer_578,396,France,Female,50,8,72150.78520599406,2,1,1,105410.78204509415,0
580,15635181,Customer_579,704,Spain,Female,79,6,220899.16568246315,2,1,1,193509.36726108272,1
581,15635182,Customer_580,660,France,Male,67,9,57200.13577367374,1,0,1,188910.62189394006,0
582,15635183,Customer_581,773,France,Female,36,4,237351.99986081605,1,1,1,174361.88069702848,0
583,15635184,Customer_582,657,Spain,Male,86,7,59349.15704784186,1,0,0,104995.68034285953,0
584,15635185,Customer_583,493,Spain,Male,83,1,157283.96505489844,1,0,1,36771.74930071687,0
585,15635186,Customer_584,618,Spain,Female,64,6,0.0,1,1,1,51401.849264923134,0
586,15635187,Customer_585,719,Spain,Female,56,3,0.0,1,1,1,133057.30051527536,0
587,15635188,Customer_586,473,France,Male,85,8,0.0,1,0,1,90133.44625399726,0
588,15635189,Customer_587,455,France,Female,50,0,55654.703396833014,1,1,1,37892.31003325932,1
589,15635190,Customer_588,507,Spain,Female,30,6,135012.587848163,1,0,1,101008.84739146898,0
590,15635191,Customer_589,496,Germany,Male,71,5,122574.33865362855,1,0,0,13311.803645388725,0
591,15635192,Customer_590,494,France,Female,24,7,27048.981136801896,2,1,0,149440.1204709227,1
592,15635193,Customer_591,469,Spain,Male,31,4,206393.8762420727,1,0,0,23980.445953041264,0
593,15635194,Customer_592,668,France,Male,36,0,0.0,1,1,1,129531.58778330262,0
594,15635195,Customer_593,624,France,Male,71,0,0.0,2,0,1,160671.95844886388,1
595,15635196,Customer_594,441,Germany,Female,37,8,133548.21638395224,2,1,1,35202.33614625345,0
596,15635197,Customer_595,407,Germany,Female,46,9,133182.52109690616,2,0,1,108541.35122654238,0
597,15635198,Customer_596,788,Germany,Male,41,5,35733.37461003699,2,0,1,158022.82772829922,1
598,15635199,Customer_597,695,France,Male,80,9,111635.68221983986,1,1,1,59520.356403830265,0
599,15635200,Customer_598,578,Spain,Female,91,4,0.0,2,1,1,40954.15267030762,1
600,15635201,Customer_599,823,France,Male,74,0,186074.28168746765,2,0,1,73995.63108381681,0
601,15635202,Customer_600,466,France,Female,25,5,211604.51966096763,1,1,1,115392.84355083,0
602,15635203,Customer_601,667,Spain,Female,79,5,0.0,2,1,0,119303.1230224025,0
603,15635204,Customer_602,628,Spain,Male,46,2,30827.908975597715,2,1,1,34866.50335696053,1
604,15635205,Customer_603,476,Spain,Female,91,7,66843.8729431711,1,1,0,96938.08105805461,0
605,15635206,Customer_604,742,Spain,Male,34,0,49584.16644465546,1,0,0,60973.61715250269,0
606,15635207,Customer_605,745,Germany,Female,83,0,39907.61516538994,1,1,1,169984.60143234066,0
607,15635208,Customer_606,478,Germany,Female,23,5,97815.83166827382,1,1,1,69579.27509216584,0
608,15635209,Customer_607,407,France,Female,75,9,0.0,1,1,1,169353.85966143332,0
609,15635210,Customer_608,471,France,Male,86,0,62392.74683476295,2,1,0,91427.2763943405,1
610,15635211,Customer_609,350,France,Female,45,5,23126.36189830424,2,1,0,148051.29550702614,0
611,15635212,Customer_610,588,France,Male,79,0,0.0,1,1,0,106911.4434233873,0
612,15635213,Customer_611,639,Germany,Male,58,5,0.0,2,1,0,128172.89858488552,0
613,15635214,Customer_612,445,France,Male,86,2,51327.39506167194,1,1,0,85117.73706366279,0
614,15635215,Customer_613,475,France,Female,58,7,113436.09492356874,1,0,0,155959.28588342323,0
615,15635216,Customer_614,467,France,Male,66,5,0.0,2,1,0,90785.98287899508,0
616,15635217,Customer_615,397,Germany,Female,66,10,43742.06036160774,2,0,0,96917.71285130616,0
617,15635218,Customer_616,438,France,Female,88,0,111948.00196580471,2,1,0,108358.94696388187,0
618,15635219,Customer_617,837,Spain,Male,20,4,0.0,2,1,1,168046.58249333687,0
619,15635220,Customer_618,586,France,Female,27,7,0.0,2,1,0,135281.99643427832,0
620,15635221,Customer_619,722,France,Male,52,2,11641.779555607252,2,1,1,76340.47344749246,0
621,15635222,Customer_620,734,Germany,Female,19,5,0.0,1,0,1,137360.73045649315,1
622,15635223,Customer_621,621,Spain,Female,41,4,174556.41982364786,2,0,0,132061.0488716297,0
623,15635224,Customer_622,538,France,Male,91,5,0.0,4,1,1,186893.66241714382,0
624,15635225,Customer_623,836,Germany,Female,55,9,41633.63917520305,2,0,1,169869.1228448165,0
625,15635226,Customer_624,541,Germany,Male,39,0,222890.25866727086,1,1,1,133014.91551273715,0
626,15635227,Customer_625,796,France,Male,43,6,76005.94539707147,2,1,0,74886.35102996828,0
627,15635228,Customer_626,418,Spain,Female,60,8,63667.028750239544,2,1,1,158119.5252836412,0
628,15635229,Customer_627,627,Spain,Male,72,1,215703.2655063798,1,1,1,119289.57568193218,0
629,15635230,Customer_628,698,Germany,Male,56,9,206105.70380002272,3,1,0,197201.2977391713,0
630,15635231,Customer_629,596,Spain,Male,46,4,117603.15292591207,1,1,0,57026.16442826277,0
631,15635232,Customer_630,800,Spain,Female,37,9,0.0,1,1,0,25134.60977686852,0
632,15635233,Customer_631,425,Germany,Male,58,3,62259.689160165275,2,1,1,23279.44425871006,0
633,15635234,Customer_632,503,Spain,Male,71,5,0.0,1,1,0,131605.77378681925,0
634,15635235,Customer_633,493,Germany,Female,37,5,147623.63808535866,1,0,1,188459.44349318952,0
635,15635236,Customer_634,784,Germany,Female,36,10,33602.78118165115,2,0,0,10367.063715385986,1
636,15635237,Customer_635,834,Germany,Male,83,1,117825.89126959596,2,1,1,147896.4989219777,1
637,15635238,Customer_636,435,Spain,Male,47,1,0.0,1,1,0,134842.38468125963,0
638,15635239,Customer_637,534,France,Male,70,3,238680.25340094024,3,1,0,149137.7965216985,0
639,15635240,Customer_638,634,Spain,Male,51,0,67439.74877136607,2,1,1,77527.02728484376,0
640,15635241,Customer_639,811,Spain,Male,39,8,159787.22081095705,2,1,0,165894.32448499248,0
641,15635242,Customer_640,569,France,Female,84,6,123778.30338588584,2,1,0,18494.31696958377,0
642,15635243,Customer_641,418,Spain,Female,23,6,0.0,2,1,0,153531.90911818523,1
643,15635244,Customer_642,396,France,Female,44,2,75143.40742625277,1,1,1,60743.66885632667,0
644,15635245,Customer_643,846,France,Male,27,10,10888.577639780044,1,1,1,100599.17722303359,1
645,15635246,Customer_644,443,Germany,Female,90,2,49014.689423539625,2,1,1,166300.8915958719,0
646,15635247,Customer_645,587,France,Male,65,0,93885.47228065554,2,1,0,61558.21668631603,0
647,15635248,Customer_646,795,Spain,Female,87,2,0.0,1,0,0,45189.42721233976,0
648,15635249,Customer_647,849,Spain,Female,76,2,0.0,2,1,1,139449.50521609798,1
649,15635250,Customer_648,802,Germany,Male,76,3,173334.55987332106,2,0,1,111345.02938629287,0
650,15635251,Customer_649,553,France,Female,19,3,0.0,1,1,0,107736.73506177505,0
651,15635252,Customer_650,749,France,Male,46,2,119858.51611989121,1,1,0,58786.2079522035,1
652,15635253,Customer_651,567,Germany,Female,85,9,32934.184950000454,1,1,0,16627.258105805253,0
653,15635254,Customer_652,823,Spain,Male,82,7,0.0,2,1,1,87951.13628302621,0
654,15635255,Customer_653,781,Germany,Male,43,7,234501.9578676482,1,1,0,30246.301288875915,0
655,15635256,Customer_654,690,France,Female,27,0,0.0,1,1,1,182137.9386233484,0
656,15635257,Customer_655,388,Germany,Male,70,6,218452.67938860104,2,0,0,17837.5614596288,0
657,15635258,Customer_656,449,Germany,Female,76,10,0.0,2,1,0,92013.66229503247,0
658,15635259,Customer_657,638,Spain,Male,39,1,0.0,1,0,0,19926.660903157295,0
659,15635260,Customer_658,603,France,Female,68,0,149103.21457904176,1,0,0,28153.3361673056,0
660,15635261,Customer_659,571,Spain,Female,65,2,229025.2064519465,2,1,0,135184.66671518417,0
661,15635262,Customer_660,706,Germany,Male,38,3,52564.32679833828,2,1,0,132951.13958507797,0
662,15635263,Customer_661,372,Spain,Male,39,5,11690.299509794047,2,1,0,16279.917027093557,1
663,15635264,Customer_662,599,France,Male,47,9,203319.05104773864,2,1,0,10214.980272965337,1
664,15635265,Customer_663,359,Germany,Male,42,4,28430.96422881616,1,1,0,24975.43467612896,0
665,15635266,Customer_664,595,Spain,Male,45,3,109289.4476584073,1,0,1,154969.790565269,0
666,15635267,Customer_665,674,France,Female,82,7,172932.9609253084,1,1,1,121069.52982278635,0
667,15635268,Customer_666,449,Spain,Female,62,10,66831.42050948323,1,1,1,17242.466585813403,0
668,15635269,Customer_667,639,Germany,Female,85,3,30151.015227214408,2,1,0,102738.43301583719,0
669,15635270,Customer_668,529,France,Female,24,9,194805.09482939888,1,0,0,145285.57784034577,0
670,15635271,Customer_669,572,France,Female,66,1,161242.02037288994,1,0,0,175100.7649741532,0
671,15635272,Customer_670,743,Germany,Female,26,2,247237.71627683315,4,1,1,187466.933225212,0
672,15635273,Customer_671,599,France,Male,53,5,92633.92799679023,1,1,0,72213.70696127266,0
673,15635274,Customer_672,496,Germany,Female,18,7,24822.972709647926,1,0,0,35808.16139852048,0
674,15635275,Customer_673,791,France,Female,27,7,0.0,1,0,1,55015.92493897502,0
675,15635276,Customer_674,445,Germany,Female,53,10,135216.02052477896,2,1,0,157472.58348764252,0
676,15635277,Customer_675,606,France,Male,90,8,0.0,2,1,0,194582.000858039,0
677,15635278,Customer_676,674,Spain,Male,63,6,197614.95736114227,1,1,0,98614.7872984723,1
678,15635279,Customer_677,842,Spain,Male,49,1,0.0,2,1,1,68017.11057408006,0
679,15635280,Customer_678,353,Spain,Female,49,7,72558.79715990477,2,1,1,91546.21057240655,0
680,15635281,Customer_679,365,Germany,Male,23,6,0.0,2,1,0,67914.49748257516,0
681,15635282,Customer_680,629,France,Male,65,7,0.0,3,0,0,58732.62940935932,0
682,15635283,Customer_681,685,Spain,Female,55,2,110543.01374498055,2,1,1,122812.64295736412,0
683,15635284,Customer_682,596,France,Male,34,6,133494.8296835916,2,1,0,12989.836270973436,0
684,15635285,Customer_683,607,France,Male,91,9,0.0,1,0,1,59314.927246347754,0
685,15635286,Customer_684,846,France,Male,44,8,227464.2228833022,1,1,1,135662.5947905479,0
686,15635287,Customer_685,825,France,Female,71,2,43056.183733074075,1,1,0,16091.912298292955,0
687,15635288,Customer_686,733,Spain,Female,67,9,0.0,2,1,0,25808.345136697648,0
688,15635289,Customer_687,509,Germany,Male,52,5,0.0,2,1,1,65745.26750929911,0
689,15635290,Customer_688,824,France,Female,42,1,44469.1307365159,2,1,0,176782.91173570714,1
690,15635291,Customer_689,689,France,Male,45,1,167907.87658759023,1,1,0,155328.37043140628,0
691,15635292,Customer_690,501,Spain,Female,32,4,0.0,2,1,1,14209.759589086269,0
692,15635293,Customer_691,745,France,Female,21,4,198761.3712467493,2,1,0,105325.43517081346,0
693,15635294,Customer_692,527,France,Female,90,6,68489.97085704224,2,0,0,62190.623857609186,0
694,15635295,Customer_693,512,France,Male,44,1,83414.75518276478,2,1,0,133242.67522179196,0
695,15635296,Customer_694,729,Spain,Female,43,10,125952.31493571987,2,1,1,147095.23769275763,0
696,15635297,Customer_695,382,Germany,Female,36,6,25163.943246454357,2,1,0,173943.88965456368,0
697,15635298,Customer_696,766,France,Male,34,4,156673.96557069907,2,1,1,100329.08504976271,0
698,15635299,Customer_697,794,France,Female,60,5,246096.40808218185,2,1,1,198945.51682366105,1
699,15635300,Customer_698,528,Germany,Male,58,7,96593.51473072062,1,1,0,196197.36038455076,0
700,15635301,Customer_699,776,Germany,Female,59,9,190683.39402193215,1,1,0,177611.6776494963,0
701,15635302,Customer_700,450,France,Male,67,3,130008.13973670591,2,0,0,119225.20408003347,0
702,15635303,Customer_701,617,Spain,Female,57,6,0.0,1,1,1,85621.22312572486,0
703,15635304,Customer_702,672,France,Male,56,5,149736.98771262073,3,1,1,79233.39892655914,0
704,15635305,Customer_703,414,France,Male,40,9,81969.8244265756,1,1,1,12303.702516671518,1
705,15635306,Customer_704,766,Spain,Male,69,1,18256.770028829975,2,0,0,57343.15447604964,0
706,15635307,Customer_705,517,France,Male,64,7,162383.1352282585,1,1,1,146573.56464034127,0
707,15635308,Customer_706,679,Germany,Male,80,9,216143.76383793462,1,0,0,124690.09897968265,1
708,15635309,Customer_707,392,France,Male,86,8,0.0,2,1,1,184120.21594183138,0
709,15635310,Customer_708,393,France,Female,60,4,103670.93133106492,1,1,1,19504.230714145997,0
710,15635311,Customer_709,634,Spain,Male,65,9,223845.20391213076,1,0,0,39502.55460369281,0
711,15635312,Customer_710,746,France,Male,51,3,0.0,1,1,0,159956.31997690472,0
712,15635313,Customer_711,361,Spain,Female,57,5,0.0,2,1,1,78116.44992711343,0
713,15635314,Customer_712,444,France,Male,78,7,69711.2953007555,1,1,1,32485.613406396806,0
714,15635315,Customer_713,651,France,Female,67,10,0.0,2,1,0,199325.59596901693,0
715,15635316,Customer_714,735,France,Female,84,2,0.0,2,0,0,159577.55750717895,0
716,15635317,Customer_715,602,Germany,Female,79,9,160424.92466013323,2,1,1,87660.79698404329,0
717,15635318,Customer_716,848,France,Female,75,10,16912.283331164486,2,0,0,166436.02061976667,0
718,15635319,Customer_717,591,Spain,Female,50,10,164492.753517987,2,1,0,139314.73532263914,0
719,15635320,Customer_718,384,France,Male,33,0,76514.64444960636,1,1,0,160095.20431826834,0
720,15635321,Customer_719,564,Spain,Male,65,3,0.0,2,0,0,164889.21173747347,0
721,15635322,Customer_720,686,France,Male,27,3,92863.49249369274,1,1,1,26098.4498251604,0
722,15635323,Customer_721,439,Spain,Female,55,0,51461.621499090375,2,0,1,128364.84866073818,0
723,15635324,Customer_722,613,Spain,Male,36,8,159275.38962252976,1,1,1,11289.255065597243,1
724,15635325,Customer_723,442,Spain,Female,53,2,221674.1332337458,2,0,0,18256.686797222417,0
725,15635326,Customer_724,759,Spain,Female,76,4,240180.21814777682,1,1,1,181756.20172060977,0
726,15635327,Customer_725,807,Spain,Female,80,5,56163.12715693962,1,0,0,110237.10705779305,1
727,15635328,Customer_726,439,Germany,Male,63,7,182169.4657751136,2,1,0,149821.37731501972,0
728,15635329,Customer_727,767,France,Male,20,5,169441.44798536375,2,1,1,169315.18818419773,0
729,15635330,Customer_728,464,France,Female,91,2,92410.66949789741,1,0,0,190421.48583727115,0
730,15635331,Customer_729,454,Spain,Female,82,5,14583.8078448942,2,1,1,175177.0411053312,0
731,15635332,Customer_730,740,Germany,Male,25,0,175549.89935508787,2,1,0,101829.17525248585,0
732,15635333,Customer_731,545,Spain,Male,68,3,236918.76653428003,4,1,1,73834.35840229719,0
733,15635334,Customer_732,663,France,Female,90,5,161708.82925975634,2,1,0,39353.71487914725,0
734,15635335,Customer_733,463,France,Female,23,6,114470.25380503219,1,1,0,86061.08167258318,0
735,15635336,Customer_734,842,France,Female,56,10,136036.9345867908,1,0,0,79633.78004062104,0
736,15635337,Customer_735,424,Germany,Female,77,10,57910.913838380206,2,0,1,116319.21997161594,0
737,15635338,Customer_736,762,France,Female,45,9,190130.599300897,2,1,1,136446.78766387055,0
738,15635339,Customer_737,725,France,Male,71,2,189140.75920236376,1,1,1,195881.840524559,0
739,15635340,Customer_738,769,France,Male,54,8,44924.15209298199,1,1,1,148393.37535913917,1
740,15635341,Customer_739,566,France,Male,26,6,220714.81179991818,2,0,1,132312.22116415543,0
741,15635342,Customer_740,626,Germany,Male,73,0,74605.53747359326,1,1,0,73667.5625109851,0
742,15635343,Customer_741,598,France,Female,76,1,245741.45462478758,1,1,0,16555.736534681935,0
743,15635344,Customer_742,513,Spain,Female,19,0,101896.723368939,1,0,1,64743.77448239143,1
744,15635345,Customer_743,743,France,Female,78,10,52692.174096279916,1,1,1,156005.10108732738,0
745,15635346,Customer_744,706,France,Male,75,8,0.0,1,1,1,49001.668752722326,0
746,15635347,Customer_745,806,France,Female,77,8,115643.27888732635,2,1,0,145315.75679808174,1
747,15635348,Customer_746,757,France,Female,57,6,26633.86552919076,1,1,0,120158.17008818901,1
748,15635349,Customer_747,541,France,Female,53,9,148772.4114935895,1,1,1,42652.805252588325,0
749,15635350,Customer_748,576,France,Female,54,2,153431.78556853608,1,1,1,59708.713195447686,0
750,15635351,Customer_749,526,Germany,Male,35,4,187343.30928387333,1,0,0,104297.68466243053,0
751,15635352,Customer_750,448,France,Male,80,3,17000.77414977839,1,1,1,89491.19397049102,1
752,15635353,Customer_751,845,Germany,Male,39,6,139897.17146411922,1,0,1,157927.1310338843,0
753,15635354,Customer_752,385,Spain,Male,28,8,22697.783984959453,2,1,0,149536.88208321694,1
754,15635355,Customer_753,815,Spain,Male,75,1,178274.61279199683,1,1,1,119169.15565987324,0
755,15635356,Customer_754,846,France,Female,74,7,0.0,1,1,1,166232.1951798558,0
756,15635357,Customer_755,836,France,Female,21,8,228814.68360199186,1,0,1,116907.21273001864,0
757,15635358,Customer_756,445,France,Female,24,9,178499.81605227917,2,1,1,193233.95876487944,0
758,15635359,Customer_757,501,France,Female,78,9,131773.5436204377,2,1,1,51272.57883870547,0
759,15635360,Customer_758,500,Spain,Male,71,8,115960.94158748198,1,1,0,145685.078784409,0
760,15635361,Customer_759,539,France,Female,85,9,41361.43129918297,2,1,0,80289.38509034891,0
761,15635362,Customer_760,573,France,Male,18,6,0.0,1,1,0,63003.576939836836,0
762,15635363,Customer_761,386,Germany,Male,72,8,218550.1852050151,2,1,0,44273.62043386544,0
763,15635364,Customer_762,617,Germany,Male,20,8,0.0,1,1,0,114975.66048969333,0
764,15635365,Customer_763,718,Germany,Male,55,2,10179.450008927455,2,1,0,50939.19222235014,0
765,15635366,Customer_764,532,France,Male,18,3,152592.7339546123,2,1,0,48066.66177519713,0
766,15635367,Customer_765,362,France,Male,55,1,182632.14616602726,1,0,0,198201.06196592542,0
767,15635368,Customer_766,628,Germany,Male,46,9,158499.2757898255,2,0,1,162332.00920069456,1
768,15635369,Customer_767,566,France,Female,22,2,0.0,2,1,0,152172.59584833132,0
769,15635370,Customer_768,704,France,Male,91,10,0.0,1,1,1,160871.51891772344,0
770,15635371,Customer_769,710,France,Male,38,10,70081.66417153264,1,1,1,194095.34600656107,0
771,15635372,Customer_770,635,France,Male,88,4,0.0,1,1,0,118922.57086310866,0
772,15635373,Customer_771,622,France,Female,84,4,121167.86471414092,2,1,1,51846.33670654351,0
773,15635374,Customer_772,718,France,Male,64,5,0.0,2,1,1,173819.8317431154,1
774,15635375,Customer_773,411,Germany,Male,52,6,234374.33117308206,1,1,0,151118.8385962771,1
775,15635376,Customer_774,433,Germany,Male,85,6,162900.6133251317,2,1,0,88718.5793434929,0
776,15635377,Customer_775,717,Spain,Male,86,0,0.0,2,1,0,99978.2047291828,0
777,15635378,Customer_776,566,France,Male,18,1,119562.1252819679,2,1,0,88137.95571098513,0
778,15635379,Customer_777,691,France,Male,85,8,45864.702044390615,2,1,0,186689.01044351078,0
779,15635380,Customer_778,746,France,Male,29,9,0.0,2,0,1,75271.00618467588,0
780,15635381,Customer_779,536,Germany,Male,77,1,120089.22776020918,1,1,1,193062.01294467278,0
781,15635382,Customer_780,368,Germany,Male,44,5,53591.541250917246,1,0,1,182951.6365382505,0
782,15635383,Customer_781,526,France,Female,73,10,82574.97767294134,2,1,0,129799.01702715294,1
783,15635384,Customer_782,449,Spain,Female,40,10,0.0,1,0,0,120166.13688901419,0
784,15635385,Customer_783,745,France,Male,42,0,122392.14194953244,2,1,0,80316.96321329447,0
785,15635386,Customer_784,794,Germany,Male,38,2,0.0,1,1,0,13484.293912023477,0
786,15635387,Customer_785,582,Germany,Female,78,1,0.0,1,1,0,34248.405385173115,1
787,15635388,Customer_786,752,Spain,Male,80,2,233824.5298008745,2,1,1,153303.95143641424,0
788,15635389,Customer_787,425,Germany,Male,69,4,40055.20615089922,2,1,0,99592.6240517514,0
789,15635390,Customer_788,614,Spain,Female,42,10,101692.93180265368,1,1,1,38469.24549571394,0
790,15635391,Customer_789,804,France,Male,72,9,16774.90231616953,2,1,0,60152.56228505549,0
791,15635392,Customer_790,633,Spain,Male,63,5,0.0,2,1,1,190089.01097092996,0
792,15635393,Customer_791,555,France,Male,49,8,96101.3828851057,2,1,1,79755.23870895036,0
793,15635394,Customer_792,572,Spain,Female,72,10,0.0,1,1,1,182459.56959163916,0
794,15635395,Customer_793,733,Germany,Male,22,9,0.0,2,0,0,67880.80813577957,0
795,15635396,Customer_794,401,Spain,Female,53,3,113162.7207383573,2,1,1,113211.81792976057,1
796,15635397,Customer_795,688,France,Female,66,6,83546.16077205833,1,1,1,13890.6458388176,0
797,15635398,Customer_796,716,Germany,Male,75,5,240931.0984278267,2,0,1,109156.27097097962,0
798,15635399,Customer_797,493,Germany,Male,56,1,0.0,2,1,1,131018.98201601976,0
799,15635400,Customer_798,722,Germany,Male,78,9,79464.72832720526,2,1,1,54517.9688740638,0
800,15635401,Customer_799,418,France,Male,26,10,125110.02321866994,2,1,0,119998.06347901783,0
801,15635402,Customer_800,448,France,Male,23,10,0.0,1,0,1,132961.87668968725,1
802,15635403,Customer_801,745,France,Female,52,10,11168.417837320774,1,1,1,140508.35489253374,1
803,15635404,Customer_802,374,France,Female,56,7,0.0,2,0,0,157516.6311841996,0
804,15635405,Customer_803,785,Spain,Female,39,6,34109.811923432426,2,0,0,69154.45615658913,0
805,15635406,Customer_804,728,France,Male,58,6,132197.91173502462,2,1,0,117877.62172205687,0
806,15635407,Customer_805,818,Spain,Female,22,7,0.0,2,1,1,196500.01565527293,0
807,15635408,Customer_806,833,France,Female,59,10,107655.6235337507,1,1,0,180647.39242637987,0
808,15635409,Customer_807,402,France,Female,84,0,62967.77794848043,1,0,0,191006.43133868964,0
809,15635410,Customer_808,500,Spain,Male,47,0,0.0,1,1,0,83365.91572042857,1
810,15635411,Customer_809,493,Germany,Female,74,7,249038.4757841679,1,0,1,159516.34012036573,0
811,15635412,Customer_810,406,France,Male,90,3,202128.66523041943,2,1,0,127780.61083446608,0
812,15635413,Customer_811,388,Germany,Male,46,4,0.0,1,1,1,25719.665781825806,1
813,15635414,Customer_812,458,Germany,Male,54,7,162463.5969661794,2,1,0,166556.27393984242,0
814,15635415,Customer_813,530,France,Female,30,4,19974.363585342056,1,0,1,138649.2425078993,0
815,15635416,Customer_814,391,Spain,Female,49,9,59631.44225059459,2,1,1,47794.29830790069,0
816,15635417,Customer_815,535,Spain,Male,63,3,232015.49354729318,2,1,0,25150.325911597654,0
817,15635418,Customer_816,772,Germany,Male,40,5,97867.1483029003,1,0,0,169034.2048231828,1
818,15635419,Customer_817,747,France,Male,62,4,34872.81435539094,1,0,1,24991.3476033282,1
819,15635420,Customer_818,572,Germany,Male,34,6,178577.28780788847,1,1,0,27357.23441962296,1
820,15635421,Customer_819,471,France,Male,83,9,81869.85374422111,2,1,0,91207.5747018199,1
821,15635422,Customer_820,482,France,Male,23,6,74525.6590970012,1,1,1,35611.58739970064,0
822,15635423,Customer_821,512,France,Female,35,3,249514.58933398247,2,1,1,183597.2235141167,1
823,15635424,Customer_822,564,France,Male,39,4,0.0,3,1,1,99353.94789001498,1
824,15635425,Customer_823,570,Spain,Male,50,2,107905.07640828185,2,1,0,118138.68632436858,0
825,15635426,Customer_824,584,Germany,Male,47,3,245262.68987595977,1,0,0,186340.15700083663,0
826,15635427,Customer_825,680,Germany,Female,49,3,0.0,2,0,0,110750.01287128624,0
827,15635428,Customer_826,495,France,Female,59,2,0.0,1,1,1,77182.31773189052,0
828,15635429,Customer_827,588,France,Female,27,9,17563.130339730782,1,1,1,161459.47010500805,0
829,15635430,Customer_828,425,France,Male,53,4,39185.2622435337,2,1,1,94141.53752029003,1
830,15635431,Customer_829,358,Spain,Female,51,4,161940.4303590972,2,1,0,70509.19086443802,1
831,15635432,Customer_830,423,France,Male,90,10,225765.75583587613,1,1,1,147413.59713505156,0
832,15635433,Customer_831,791,Spain,Female,45,6,159698.49426102295,1,1,0,162305.07855647817,0
833,15635434,Customer_832,841,Germany,Female,28,3,42165.97463655803,1,0,0,160426.07184101158,1
834,15635435,Customer_833,750,France,Female,56,3,0.0,2,1,1,195758.13868445443,0
835,15635436,Customer_834,602,Germany,Female,64,8,0.0,1,1,0,159466.7202862429,0
836,15635437,Customer_835,579,France,Female,36,5,43432.56128989944,3,0,1,156287.3528302504,0
837,15635438,Customer_836,356,Spain,Male,32,3,134855.67052096612,2,1,1,172922.19820988184,1
838,15635439,Customer_837,523,Spain,Female,45,1,0.0,2,1,1,10035.187106134134,1
839,15635440,Customer_838,490,France,Male,41,5,29360.74417388257,1,0,1,78861.96812567643,0
840,15635441,Customer_839,517,France,Male,89,1,0.0,2,0,1,150144.5882465402,0
841,15635442,Customer_840,519,Germany,Male,26,4,175403.538502604,2,1,1,123946.6121109527,1
842,15635443,Customer_841,742,Spain,Male,64,5,91952.65758602617,2,1,0,43738.68050000735,0
843,15635444,Customer_842,783,France,Male,50,3,61746.34365833074,1,1,0,67709.28692682361,0
844,15635445,Customer_843,632,Germany,Male,79,2,205290.4649817539,1,0,1,73990.5961056003,0
845,15635446,Customer_844,471,Germany,Male,36,6,0.0,1,0,1,117887.34112274005,0
846,15635447,Customer_845,543,Germany,Female,84,1,140086.49671993114,2,0,1,168003.6763238045,0
847,15635448,Customer_846,354,France,Male,91,10,242370.1218070973,2,0,0,187173.43815775917,0
848,15635449,Customer_847,378,Germany,Male,57,5,45484.5850869721,2,0,0,152517.55844219142,1
849,15635450,Customer_848,514,Spain,Female,64,3,235810.30419873013,1,1,0,170160.57413359388,0
850,15635451,Customer_849,771,France,Male,82,5,53894.33273648048,1,1,1,99318.23210578806,1
851,15635452,Customer_850,688,France,Female,46,3,146186.3699255751,1,1,1,84057.3107282346,1
852,15635453,Customer_851,485,Spain,Female,67,3,100481.8508700987,1,0,1,84614.62110740122,0
853,15635454,Customer_852,845,France,Female,30,3,0.0,1,0,0,127047.32038459185,0
854,15635455,Customer_853,714,Spain,Female,18,8,0.0,2,1,0,33604.974055603714,0
855,15635456,Customer_854,670,France,Male,51,6,105917.92050058088,2,1,1,120103.89473014964,0
856,15635457,Customer_855,691,France,Female,65,2,245886.4282853009,2,1,1,136375.24343490787,0
857,15635458,Customer_856,849,Spain,Male,65,2,138752.89388523356,1,1,0,93392.66063918537,0
858,15635459,Customer_857,494,France,Male,66,5,0.0,1,1,1,191101.7635865218,0
859,15635460,Customer_858,676,Germany,Female,81,5,71866.83716895792,1,1,0,125560.5217521193,0
860,15635461,Customer_859,566,France,Male,78,3,178327.25447450596,2,1,1,51799.899724958785,1
861,15635462,Customer_860,650,Germany,Female,46,8,13449.508426666634,1,1,1,101051.08891236808,0
862,15635463,Customer_861,481,France,Female,56,3,21883.031128550447,2,0,1,138326.84305570586,0
863,15635464,Customer_862,641,France,Female,43,8,153846.06091259266,1,1,1,71489.53367029101,0
864,15635465,Customer_863,419,Spain,Female,34,3,92001.89771642898,2,0,0,25131.905194914405,1
865,15635466,Customer_864,601,France,Male,88,1,238795.92932823053,2,1,1,120852.77059506816,0
866,15635467,Customer_865,764,Germany,Male,30,1,226765.76577346856,1,1,1,190095.3320377392,0
867,15635468,Customer_866,624,France,Female,86,4,181289.50208240974,2,1,1,102163.67725700302,0
868,15635469,Customer_867,794,Spain,Male,43,3,206354.9394706723,1,1,1,182160.72532293719,0
869,15635470,Customer_868,713,France,Female,66,6,170159.6439202464,2,1,0,168654.48179062185,1
870,15635471,Customer_869,531,Spain,Female,84,10,0.0,1,1,1,38008.42889045684,0
871,15635472,Customer_870,516,France,Female,24,4,0.0,1,0,1,144552.28514875844,0
872,15635473,Customer_871,440,France,Male,75,5,60446.07249252313,2,0,0,92738.4497636759,0
873,15635474,Customer_872,551,France,Male,66,9,87626.28522404723,2,1,1,57546.80179995801,1
874,15635475,Customer_873,695,France,Male,70,3,206616.21090458086,1,1,0,140518.28757667358,0
875,15635476,Customer_874,368,Germany,Male,82,1,0.0,2,1,0,151105.53654472006,1
876,15635477,Customer_875,388,France,Female,79,9,216385.77140401822,1,1,0,44180.30055961937,0
877,15635478,Customer_876,475,Spain,Male,34,8,61128.476762383405,1,1,1,183744.48959067962,0
878,15635479,Customer_877,800,France,Male,60,9,0.0,2,0,1,152717.97635077377,0
879,15635480,Customer_878,522,France,Male,42,6,30109.83341158279,1,1,1,187341.34483697405,0
880,15635481,Customer_879,490,Germany,Female,20,3,0.0,1,0,1,70243.9115651013,0
881,15635482,Customer_880,591,Germany,Female,46,2,193008.16906612835,2,1,0,188473.6529911675,1
882,15635483,Customer_881,569,France,Male,49,9,150383.4145548932,1,0,0,80018.35498929236,0
883,15635484,Customer_882,475,France,Male,43,2,0.0,2,1,0,20254.254671204428,1
884,15635485,Customer_883,407,France,Male,33,8,17522.24052612801,1,0,1,154964.18385471444,0
885,15635486,Customer_884,497,Germany,Male,42,4,38667.73215142859,1,1,1,143666.54737678476,0
886,15635487,Customer_885,825,Germany,Female,71,2,159352.7149777663,1,1,0,123603.08853003316,1
887,15635488,Customer_886,805,France,Female,45,4,0.0,2,1,1,103079.81143299305,0
888,15635489,Customer_887,666,Spain,Male,90,1,0.0,2,1,1,16111.401361299964,0
889,15635490,Customer_888,732,Spain,Male,73,10,0.0,1,1,0,128673.47778882932,1
890,15635491,Customer_889,710,Germany,Female,82,3,217948.25517976997,1,1,1,89198.57689233079,0
891,15635492,Customer_890,772,Spain,Male,58,9,135011.72282740264,2,1,1,116439.78652077955,0
892,15635493,Customer_891,350,France,Female,68,1,170623.79100247787,1,0,1,91571.05497385089,1
893,15635494,Customer_892,736,France,Male,88,1,205603.67600227555,2,1,0,193550.6652253878,0
894,15635495,Customer_893,810,France,Male,46,7,72562.03785774246,1,0,1,124780.69121866096,1
895,15635496,Customer_894,697,France,Male,36,0,81254.96182433031,2,0,1,152354.90281446878,0
896,15635497,Customer_895,539,Germany,Male,83,6,10150.60399082948,1,1,0,187905.9200195058,0
897,15635498,Customer_896,540,Spain,Female,58,4,0.0,2,1,1,122403.87135418053,0
898,15635499,Customer_897,718,France,Male,62,10,230210.77470312276,2,1,0,12291.878386256143,0
899,15635500,Customer_898,758,France,Male,32,7,0.0,1,1,1,16515.41887900305,0
900,15635501,Customer_899,661,France,Male,20,0,0.0,1,0,1,143444.30247935373,1
901,15635502,Customer_900,766,Spain,Male,28,10,117400.69352788196,2,0,1,63026.17586874386,0
902,15635503,Customer_901,771,France,Male,70,6,34454.02095317267,2,1,0,120082.14819611025,0
903,15635504,Customer_902,466,Germany,Male,63,4,0.0,1,1,0,48432.6644072271,0
904,15635505,Customer_903,483,France,Female,47,3,157883.91165102334,1,0,0,61347.28626172568,0
905,15635506,Customer_904,407,France,Male,74,6,240599.06009924522,2,1,0,105881.80063013431,0
906,15635507,Customer_905,393,Spain,Male,35,9,226688.32562371602,1,1,0,195358.1980376556,0
907,15635508,Customer_906,522,Spain,Female,68,1,0.0,2,1,1,127091.3929497464,0
908,15635509,Customer_907,509,France,Male,65,0,0.0,1,1,0,187868.13985747442,0
909,15635510,Customer_908,522,Spain,Female,83,0,75799.36904135204,2,1,1,192282.17233352002,0
910,15635511,Customer_909,666,Germany,Male,25,10,86813.61445246983,2,1,0,49540.89931989641,0
911,15635512,Customer_910,652,Spain,Female,39,0,193156.0138589347,4,0,1,69126.78446909945,0
912,15635513,Customer_911,498,France,Female,23,4,202539.80301642738,1,1,1,156298.53343155378,0
913,15635514,Customer_912,429,Germany,Female,74,9,0.0,2,1,1,174685.16043535533,0
914,15635515,Customer_913,723,France,Female,53,6,0.0,1,0,1,108653.08139601027,1
915,15635516,Customer_914,562,Germany,Male,74,1,20682.16942628112,2,1,0,198712.95278330435,1
916,15635517,Customer_915,552,France,Female,66,9,0.0,2,1,0,12198.71776350135,0
917,15635518,Customer_916,601,France,Male,62,7,118308.44252263359,1,1,0,66922.60456119096,0
918,15635519,Customer_917,578,France,Male,83,3,38075.93113246182,2,0,0,128400.73321147017,1
919,15635520,Customer_918,513,Germany,Male,62,2,0.0,1,1,1,99165.08307812174,0
920,15635521,Customer_919,576,France,Male,37,9,0.0,2,1,0,32154.56362147214,0
921,15635522,Customer_920,496,Germany,Male,81,10,149517.0447340128,2,0,1,79879.54624130708,0
922,15635523,Customer_921,369,Spain,Female,84,7,0.0,2,1,0,14834.95722605742,0
923,15635524,Customer_922,790,France,Male,20,1,0.0,1,1,1,132121.7487543031,0
924,15635525,Customer_923,751,Germany,Female,71,10,123890.64403805349,1,1,1,179621.0831693075,0
925,15635526,Customer_924,396,France,Female,81,10,96756.9159572349,2,0,0,178126.0835188572,0
926,15635527,Customer_925,582,Spain,Male,57,2,0.0,1,1,0,142913.45001545383,0
927,15635528,Customer_926,654,France,Male,76,2,137024.18755446165,1,1,1,98496.33714460624,1
928,15635529,Customer_927,363,Germany,Male,72,9,150255.02118146978,1,1,1,107286.00755138305,0
929,15635530,Customer_928,492,Spain,Male,79,10,201246.77686628586,1,1,0,36014.576559175955,0
930,15635531,Customer_929,764,Spain,Male,21,0,91831.97523099632,2,1,0,74793.24769264858,0
931,15635532,Customer_930,350,Germany,Male,77,5,203311.90792974082,1,0,1,45668.33434467199,0
932,15635533,Customer_931,722,France,Male,47,1,91266.6949870318,2,1,1,166028.03863649137,0
933,15635534,Customer_932,403,Germany,Female,19,0,0.0,1,1,0,183803.24125421236,0
934,15635535,Customer_933,723,Spain,Female,79,1,0.0,1,1,1,112015.41966982224,0
935,15635536,Customer_934,608,Germany,Male,66,5,151096.5579747555,1,0,1,148275.16769745937,0
936,15635537,Customer_935,493,France,Female,26,3,234289.65894924643,1,1,1,33078.30647235422,0
937,15635538,Customer_936,820,Spain,Male,48,5,0.0,1,1,1,125621.5822226753,0
938,15635539,Customer_937,790,Germany,Male,78,8,230265.4365986655,2,1,1,143530.29406179074,0
939,15635540,Customer_938,808,Germany,Female,65,9,228003.3304583223,1,0,0,96025.94460716615,0
940,15635541,Customer_939,361,France,Male,42,9,155097.7864619781,1,0,1,56221.88604943274,0
941,15635542,Customer_940,679,Germany,Male,53,7,136662.8956807474,1,0,0,176701.15890286438,0
942,15635543,Customer_941,573,France,Female,25,0,143785.83211926397,1,1,1,151152.65679120726,0
943,15635544,Customer_942,621,Germany,Female,90,7,0.0,2,0,0,180972.88355134704,0
944,15635545,Customer_943,805,France,Female,75,8,0.0,2,0,1,165496.50302458645,0
945,15635546,Customer_944,707,Germany,Female,62,5,35503.817150175004,1,0,0,198171.1416199839,0
946,15635547,Customer_945,809,Spain,Female,79,9,0.0,1,1,1,46512.8193107453,1
947,15635548,Customer_946,757,France,Male,56,4,50929.131735574214,3,0,0,26482.075882755074,1
948,15635549,Customer_947,505,Spain,Male,75,5,117364.13176135016,1,1,1,74030.53035407912,0
949,15635550,Customer_948,722,France,Male,81,5,60510.321322368225,2,0,1,34510.793254419186,0
950,15635551,Customer_949,357,Spain,Male,61,8,0.0,1,1,1,109394.72145218262,0
951,15635552,Customer_950,471,Spain,Male,46,3,0.0,2,1,1,130275.49202747107,0
952,15635553,Customer_951,697,Germany,Male,76,1,79686.85248800342,2,1,0,119874.8368829467,0
953,15635554,Customer_952,513,Germany,Female,88,10,29682.577889965032,2,1,1,59255.62572415132,0
954,15635555,Customer_953,439,Spain,Female,26,10,81638.34353799118,1,1,1,182676.5658840714,0
955,15635556,Customer_954,485,France,Female,23,8,171366.84590372664,1,1,1,14022.749109721906,0
956,15635557,Customer_955,535,France,Male,46,1,88902.43061306799,1,1,1,76122.53721506367,0
957,15635558,Customer_956,665,Germany,Female,75,9,76746.92021291282,1,1,1,146608.5703256316,0
958,15635559,Customer_957,527,Spain,Male,34,8,0.0,1,1,0,155716.49600634028,0
959,15635560,Customer_958,377,Spain,Female,33,1,0.0,1,1,1,89062.52344205338,0
960,15635561,Customer_959,569,Spain,Male,20,7,76227.71875772502,2,1,1,13212.864518709746,0
961,15635562,Customer_960,706,France,Female,38,8,185442.48379347596,2,1,1,127428.2990335101,0
962,15635563,Customer_961,390,Spain,Male,81,9,28389.37647812865,1,1,1,21987.989424810985,0
963,15635564,Customer_962,577,France,Female,53,8,169367.92794671623,1,0,0,30492.597469167755,0
964,15635565,Customer_963,541,Germany,Female,79,9,67014.40349626477,4,0,0,133547.6367327761,0
965,15635566,Customer_964,760,France,Male,59,8,127427.02265238475,1,1,0,69372.78196714242,0
966,15635567,Customer_965,796,France,Male,59,1,78661.58128750254,2,0,0,76125.72901456805,0
967,15635568,Customer_966,494,France,Female,78,3,183464.48224259095,1,1,1,102493.34462681625,0
968,15635569,Customer_967,550,France,Male,30,6,236873.68966039282,1,0,1,195929.89502328105,0
969,15635570,Customer_968,766,Germany,Female,28,1,230098.42707275518,1,1,0,193434.02194035499,0
970,15635571,Customer_969,561,France,Female,71,0,150022.29163458187,1,1,0,89089.58987841426,1
971,15635572,Customer_970,810,France,Male,33,2,0.0,2,1,1,60444.85127147361,0
972,15635573,Customer_971,569,France,Male,25,3,0.0,2,1,1,67492.509006182,0
973,15635574,Customer_972,589,France,Male,76,7,173998.3270306552,1,0,1,61068.446650704784,0
974,15635575,Customer_973,762,France,Female,74,5,54055.38741206389,3,0,1,111126.70335693833,1
975,15635576,Customer_974,746,France,Male,57,10,207020.61126712005,1,1,1,125303.36348217641,0
976,15635577,Customer_975,395,Germany,Male,76,1,112932.25345473044,4,1,0,102868.08376363655,0
977,15635578,Customer_976,384,Germany,Male,19,8,55356.55839308203,4,1,0,87518.92882714895,0
978,15635579,Customer_977,602,Germany,Female,27,1,77631.36409515819,1,1,0,50144.157138288174,1
979,15635580,Customer_978,739,France,Female,61,4,74206.48725960216,1,1,0,101676.06236260154,0
980,15635581,Customer_979,431,France,Female,28,3,134609.67390483042,1,1,1,74809.51562246704,0
981,15635582,Customer_980,720,Spain,Male,19,6,0.0,2,1,1,112903.13793168515,0
982,15635583,Customer_981,605,Germany,Female,67,7,39655.95697637828,2,0,0,138285.98894720856,0
983,15635584,Customer_982,546,France,Female,29,4,39685.80414730257,3,1,0,130329.31314295602,1
984,15635585,Customer_983,652,France,Female,40,9,149986.2873133832,2,1,0,97873.13997706273,0
985,15635586,Customer_984,758,France,Female,35,4,186342.22932385086,1,0,1,115649.96061319258,0
986,15635587,Customer_985,799,France,Male,79,1,87167.92212120179,1,1,1,64122.66488254434,1
987,15635588,Customer_986,359,France,Male,79,7,0.0,2,0,0,14605.649214254041,1
988,15635589,Customer_987,661,Germany,Female,55,1,40533.97286488257,1,1,0,128753.69629193978,0
989,15635590,Customer_988,635,Germany,Male,84,9,229526.6944808937,2,1,1,57988.02623616052,0
990,15635591,Customer_989,591,Germany,Female,55,5,128450.47830146873,1,1,1,137101.20491297217,1
991,15635592,Customer_990,600,Spain,Female,84,7,0.0,1,1,0,151931.61492342228,0
992,15635593,Customer_991,714,Spain,Male,78,5,0.0,1,1,1,184026.27175971842,1
993,15635594,Customer_992,354,Germany,Female,18,3,0.0,2,1,1,192043.33114112646,1
994,15635595,Customer_993,468,Spain,Male,62,3,0.0,1,1,0,11999.948798843274,0
995,15635596,Customer_994,638,France,Male,45,5,0.0,2,1,0,198171.0997773811,1
996,15635597,Customer_995,723,France,Female,38,3,36417.70244345373,1,1,0,139773.48051389056,0
997,15635598,Customer_996,414,France,Female,30,7,0.0,2,1,1,132269.59047109596,0
998,15635599,Customer_997,495,Germany,Male,44,8,0.0,2,0,1,12890.488087117526,0
999,15635600,Customer_998,573,Spain,Male,24,0,217670.69420824587,1,1,1,173634.34825848014,1
1000,15635601,Customer_999,588,France,Female,39,3,0.0,2,0,1,37643.374977087005,0
